index,title,document_id,modified_time,web_view_link,filename,status,error
1,【寶可夢 Pokopia】夢島機制詳細解析🧸開局就能帶傳說寶可夢回家養⁉️,1r8I9LCOSojrxTfzhBapymLOcPKH6Y9llpkybT9c6CVo,2026-03-26T07:33:43.174Z,https://docs.google.com/document/d/1r8I9LCOSojrxTfzhBapymLOcPKH6Y9llpkybT9c6CVo/edit?usp=drivesdk,0001 - 【寶可夢 Pokopia】夢島機制詳細解析🧸開局就能帶傳說寶可夢回家養⁉️.docx,ok,
2,【寶可夢 Pokopia】新手開局必看攻略✨ 前期你需要知道的 10 個超實用技巧！,1iMJz0zBVtSS4WkKLoT7_D2DwTBFtC9jy3Kija9qJR_I,2026-03-23T09:08:09.847Z,https://docs.google.com/document/d/1iMJz0zBVtSS4WkKLoT7_D2DwTBFtC9jy3Kija9qJR_I/edit?usp=drivesdk,0002 - 【寶可夢 Pokopia】新手開局必看攻略✨ 前期你需要知道的 10 個超實用技巧！.docx,ok,
3,【寶可夢ZA】10準神,1mu4db_xQhCvWpAqbRS41lYf8Np3mlQVoyio2YLMCGEU,2026-03-19T19:59:18.918Z,https://docs.google.com/document/d/1mu4db_xQhCvWpAqbRS41lYf8Np3mlQVoyio2YLMCGEU/edit?usp=drivesdk,0003 - 【寶可夢ZA】10準神.docx,ok,
4,【歧路旅人0】新手開局必看攻略✨前期你需要知道的10個超實用技巧 ，大幅提升遊戲體驗,1xIb114FYYCzTYrURHDMtsSxo4h8GS4REospAJLQVgGs,2026-03-19T19:57:49.163Z,https://docs.google.com/document/d/1xIb114FYYCzTYrURHDMtsSxo4h8GS4REospAJLQVgGs/edit?usp=drivesdk,0004 - 【歧路旅人0】新手開局必看攻略✨前期你需要知道的10個超實用技巧 ，大幅提升遊戲體驗.docx,ok,
5,【光與影33 號遠征隊】前期最速成形最強流派，獨郎流。,10GA4KH9G9efGvSAlRa8khTs-6eQfXhIx0YP3AT8PYL4,2026-03-19T19:56:19.528Z,https://docs.google.com/document/d/10GA4KH9G9efGvSAlRa8khTs-6eQfXhIx0YP3AT8PYL4/edit?usp=drivesdk,0005 - 【光與影33 號遠征隊】前期最速成形最強流派，獨郎流。.docx,ok,
6,零 ～紅蝶～ REMAKE,1aTFeQn2Ur0wJXJiQPQseXwUYT8FYhYCaIlDPPIQZDSs,2026-03-19T04:16:18.132Z,https://docs.google.com/document/d/1aTFeQn2Ur0wJXJiQPQseXwUYT8FYhYCaIlDPPIQZDSs/edit?usp=drivesdk,0006 - 零 ～紅蝶～ REMAKE.docx,ok,
7,【寶可夢 Pokopia】全自動血汗工廠,1uLl8hDfuLKC0_oMc315hqr9rjRW63HHvu4s3p83wbIE,2026-03-15T00:49:11.751Z,https://docs.google.com/document/d/1uLl8hDfuLKC0_oMc315hqr9rjRW63HHvu4s3p83wbIE/edit?usp=drivesdk,0007 - 【寶可夢 Pokopia】全自動血汗工廠.docx,ok,
8,零～紅蝶～ REMAKE ,1N86DHKUkNnf6ET-4536PIcWm-v2YKfsBoEKnojfKrX4,2026-03-11T12:23:04.222Z,https://docs.google.com/document/d/1N86DHKUkNnf6ET-4536PIcWm-v2YKfsBoEKnojfKrX4/edit?usp=drivesdk,0008 - 零～紅蝶～ REMAKE.docx,ok,
9,【寶可夢 Pokopia】每天必做的10件事！不先做真的會慢別人一大截！,1jDuUdXdFMBAO4Dh1pD2GYtS0rcHJNYDpUCF3EZtQSZQ,2026-03-09T11:31:40.248Z,https://docs.google.com/document/d/1jDuUdXdFMBAO4Dh1pD2GYtS0rcHJNYDpUCF3EZtQSZQ/edit?usp=drivesdk,0009 - 【寶可夢 Pokopia】每天必做的10件事！不先做真的會慢別人一大截！.docx,ok,
10,快速提升舒適度,1Mdws7cB4INlGSZiTEavgrugS53zlNaQoscaNuDYYpBA,2026-03-06T19:52:06.378Z,https://docs.google.com/document/d/1Mdws7cB4INlGSZiTEavgrugS53zlNaQoscaNuDYYpBA/edit?usp=drivesdk,0010 - 快速提升舒適度.docx,ok,
11,【寶可夢 Pokopia】棲息地詳細解析,14__a7BY4kReiocst4-MejNoVBGITP8dcnT1bEL8wm6Y,2026-03-06T19:46:53.192Z,https://docs.google.com/document/d/14__a7BY4kReiocst4-MejNoVBGITP8dcnT1bEL8wm6Y/edit?usp=drivesdk,0011 - 【寶可夢 Pokopia】棲息地詳細解析.docx,ok,
12,【Pokémon Pokopia】,1oUZjek166hrtnx4Dlw78_PHoLLxFtcpY3ONR-G-zu6Y,2026-03-03T09:10:36.268Z,https://docs.google.com/document/d/1oUZjek166hrtnx4Dlw78_PHoLLxFtcpY3ONR-G-zu6Y/edit?usp=drivesdk,0012 - 【Pokémon Pokopia】.docx,ok,
13,《惡靈古堡：安魂曲 Resident Evil Requiem》買前必看 10 件事｜完整文案（玩法向）,1hQQno173HGgfoDCPdKyBr3TW16hke6AwIJHmwmBHyNM,2026-03-02T06:32:34.393Z,https://docs.google.com/document/d/1hQQno173HGgfoDCPdKyBr3TW16hke6AwIJHmwmBHyNM/edit?usp=drivesdk,0013 - 《惡靈古堡：安魂曲 Resident Evil Requiem》買前必看 10 件事｜完整文案（玩法向）.docx,ok,
14,【黑神話悟空】最強BOSS排名TOP10 🏆 誰才是最難打? 最終BOSS沒進前三?,10P90I4vF3-HTHfTqA0OyC7Y6LvTe00D547muzsgihOY,2026-02-22T09:59:54.708Z,https://docs.google.com/document/d/10P90I4vF3-HTHfTqA0OyC7Y6LvTe00D547muzsgihOY/edit?usp=drivesdk,0014 - 【黑神話悟空】最強BOSS排名TOP10 🏆 誰才是最難打_ 最終BOSS沒進前三_.docx,ok,
15,【黑神話悟空】刷錢,1SBhRoSBpdB0ekDc0-321e_kRAPWLxnIRYtZuXMC5pWw,2026-02-22T09:59:24.641Z,https://docs.google.com/document/d/1SBhRoSBpdB0ekDc0-321e_kRAPWLxnIRYtZuXMC5pWw/edit?usp=drivesdk,0015 - 【黑神話悟空】刷錢.docx,ok,
16,【完全攻略】與瘴氣之手戰鬥的七個技巧,1mxc5lov9pqWUrRdn1OTBERdAaqeLeIilejGcnaVGqpU,2026-02-22T09:58:34.437Z,https://docs.google.com/document/d/1mxc5lov9pqWUrRdn1OTBERdAaqeLeIilejGcnaVGqpU/edit?usp=drivesdk,0016 - 【完全攻略】與瘴氣之手戰鬥的七個技巧.docx,ok,
17,Top5 武器,120l7A6wKHz92hORYuc7C5gqYwlQm-I63nb1jjwFh_GQ,2026-02-22T09:58:17.976Z,https://docs.google.com/document/d/120l7A6wKHz92hORYuc7C5gqYwlQm-I63nb1jjwFh_GQ/edit?usp=drivesdk,0017 - Top5 武器.docx,ok,
18,【最強型態】覺醒發光吧! 大師之劍機制詳細解說 | 薩爾達傳說 : 王國之淚,10b1Wn-c25ekpwIlE9PJMNhrKhnSNvzGJRAU3YP7LrAA,2026-02-22T09:57:58.372Z,https://docs.google.com/document/d/10b1Wn-c25ekpwIlE9PJMNhrKhnSNvzGJRAU3YP7LrAA/edit?usp=drivesdk,0018 - 【最強型態】覺醒發光吧! 大師之劍機制詳細解說 _ 薩爾達傳說 _ 王國之淚.docx,ok,
19,【版本最強流派】無傷劈爛所有BOSS🔥適合新手逃課，學會這一套就能打到通關 《黑神話 : 悟空》,15CJgFewFYUYSshu8DjxiFnz7YzkOuSM9R0gaLbsegrY,2026-02-22T09:57:07.913Z,https://docs.google.com/document/d/15CJgFewFYUYSshu8DjxiFnz7YzkOuSM9R0gaLbsegrY/edit?usp=drivesdk,0019 - 【版本最強流派】無傷劈爛所有BOSS🔥適合新手逃課，學會這一套就能打到通關 《黑神話 _ 悟空》.docx,ok,
20,【掛機刷等】輕鬆又效率練等 | 寶可夢朱紫 | 被動升級 | 超大量經驗值 | 刷等細節 | 遊戲攻略,1yfXp_9HFeEWCyn7LnZvX0F0unkx-QK1SQeRGLIinUCU,2026-02-22T09:54:40.609Z,https://docs.google.com/document/d/1yfXp_9HFeEWCyn7LnZvX0F0unkx-QK1SQeRGLIinUCU/edit?usp=drivesdk,0020 - 【掛機刷等】輕鬆又效率練等 _ 寶可夢朱紫 _ 被動升級 _ 超大量經驗值 _ 刷等細節 _ 遊戲攻略.docx,ok,
21, 【超稀有】Top5 最難入手寶可夢 | 寶可夢朱紫 | 鬃岩狼人 | 一家鼠 | 土龍節節 | 賽富豪 | 怖思壺 | 遊戲攻略,1mLeO4DiPaEcWedR5UwfSyZxO1Qu1UsC9mpEyiVJOVK0,2026-02-22T09:54:21.326Z,https://docs.google.com/document/d/1mLeO4DiPaEcWedR5UwfSyZxO1Qu1UsC9mpEyiVJOVK0/edit?usp=drivesdk,0021 - 【超稀有】Top5 最難入手寶可夢 _ 寶可夢朱紫 _ 鬃岩狼人 _ 一家鼠 _ 土龍節節 _ 賽富豪 _ 怖思壺 _ 遊戲攻略.docx,ok,
22,【仁王3】新手開局必看攻略✨前期你需要知道的10個超實用技巧 ，超完美開局大幅提升遊戲體驗,1PAAjrmfdHzMEi_C5wpnvSK8mENcFV76bSTRkUWNHIQc,2026-02-13T13:52:43.555Z,https://docs.google.com/document/d/1PAAjrmfdHzMEi_C5wpnvSK8mENcFV76bSTRkUWNHIQc/edit?usp=drivesdk,0022 - 【仁王3】新手開局必看攻略✨前期你需要知道的10個超實用技巧 ，超完美開局大幅提升遊戲體驗.docx,ok,
23,【明日方舟 終末地】x 玫玫物語,1hvlx7tOuEv2ww76n7dU8HxS2Jh4Uw_2l1AnIwQnIWq4,2026-02-06T12:22:29.355Z,https://docs.google.com/document/d/1hvlx7tOuEv2ww76n7dU8HxS2Jh4Uw_2l1AnIwQnIWq4/edit?usp=drivesdk,0023 - 【明日方舟 終末地】x 玫玫物語.docx,ok,
24,【GeForce NOW】1月,1SLzJ1eHL6wqq4z5vO8dbX0by8IFqQVfI67ZX56ZuQRI,2026-02-06T09:38:05.771Z,https://docs.google.com/document/d/1SLzJ1eHL6wqq4z5vO8dbX0by8IFqQVfI67ZX56ZuQRI/edit?usp=drivesdk,0024 - 【GeForce NOW】1月.docx,ok,
25,【真・三國無雙 起源】 如何獲得 DLC 最強武器,1k32e-5nLNTGErObdZfjJiy7zALystg-fGCKVSg0Mgso,2026-01-27T12:52:53.916Z,https://docs.google.com/document/d/1k32e-5nLNTGErObdZfjJiy7zALystg-fGCKVSg0Mgso/edit?usp=drivesdk,0025 - 【真・三國無雙 起源】 如何獲得 DLC 最強武器.docx,ok,
26,【真・三國無雙 起源】 switch,1oeydY_VROL1aV0WKZsikKN55awmt6v8LTR8JF72Sisc,2026-01-27T12:39:49.164Z,https://docs.google.com/document/d/1oeydY_VROL1aV0WKZsikKN55awmt6v8LTR8JF72Sisc/edit?usp=drivesdk,0026 - 【真・三國無雙 起源】 switch.docx,ok,
27,GeForce NOW 12月,1weEyET6lmgrSFw61tcRpIipVGNMypznIddvWpMTgiWs,2026-01-27T01:34:38.950Z,https://docs.google.com/document/d/1weEyET6lmgrSFw61tcRpIipVGNMypznIddvWpMTgiWs/edit?usp=drivesdk,0027 - GeForce NOW 12月.docx,ok,
28,【真三國無雙起源】 DLC 夢幻四英傑必玩 5 大重點⭐,10pMfPSk5rEM5aLbMh9vQbIu4fvV9IlQwWQAgqQq0XDI,2026-01-21T12:57:27.233Z,https://docs.google.com/document/d/10pMfPSk5rEM5aLbMh9vQbIu4fvV9IlQwWQAgqQq0XDI/edit?usp=drivesdk,0028 - 【真三國無雙起源】 DLC 夢幻四英傑必玩 5 大重點⭐.docx,ok,
29,心動小鎮 x 玫玫物語,1n1hWKh_5WZd0n5jN4BTU3wjeBt-OGEsqmKDNy4M1I58,2026-01-20T13:41:10.919Z,https://docs.google.com/document/d/1n1hWKh_5WZd0n5jN4BTU3wjeBt-OGEsqmKDNy4M1I58/edit?usp=drivesdk,0029 - 心動小鎮 x 玫玫物語.docx,ok,
30,【真三國無雙 起源】買前十件,1zKD9uasjtj7tGirZ2Kr6hgu-WQekO7p890NXxeqw47E,2026-01-18T06:49:09.787Z,https://docs.google.com/document/d/1zKD9uasjtj7tGirZ2Kr6hgu-WQekO7p890NXxeqw47E/edit?usp=drivesdk,0030 - 【真三國無雙 起源】買前十件.docx,ok,
31,《火炬之光：無限》X 玫玫物語,1YhIbzj_H40wbu8JIvR36HdaKtZ3ExCBgWDxLvfWGyJw,2026-01-12T03:24:13.956Z,https://docs.google.com/document/d/1YhIbzj_H40wbu8JIvR36HdaKtZ3ExCBgWDxLvfWGyJw/edit?usp=drivesdk,0031 - 《火炬之光：無限》X 玫玫物語.docx,ok,
32,【人中之龍8 外傳】買前十件,1qkqpqyIymHHfRUF5pXZekTZ--yO_bjoKI-ZW2kyR93o,2026-01-09T13:57:34.788Z,https://docs.google.com/document/d/1qkqpqyIymHHfRUF5pXZekTZ--yO_bjoKI-ZW2kyR93o/edit?usp=drivesdk,0032 - 【人中之龍8 外傳】買前十件.docx,ok,
33,【死亡擱淺2】買之前 10件 你需要知道的事情,13KTqiCiSDNMoyisO4xDAaS0AMPBA3xyjz49o8_ih0iA,2025-12-14T15:03:04.820Z,https://docs.google.com/document/d/13KTqiCiSDNMoyisO4xDAaS0AMPBA3xyjz49o8_ih0iA/edit?usp=drivesdk,0033 - 【死亡擱淺2】買之前 10件 你需要知道的事情.docx,ok,
34,【寶可夢ZA】DLC 異次元果實速刷攻略,1tt55iNruuKqtNhfuywLuLqZit6kli9OYa_j3vp7gYvU,2025-12-13T17:04:11.267Z,https://docs.google.com/document/d/1tt55iNruuKqtNhfuywLuLqZit6kli9OYa_j3vp7gYvU/edit?usp=drivesdk,0034 - 【寶可夢ZA】DLC 異次元果實速刷攻略.docx,ok,
35,【寶可夢ZA】DLC玩前必看,1vB9VP8Jk3fkd3mnng8BGAiDNeZ7W_FFqIDRB7mnoINY,2025-12-11T13:26:15.677Z,https://docs.google.com/document/d/1vB9VP8Jk3fkd3mnng8BGAiDNeZ7W_FFqIDRB7mnoINY/edit?usp=drivesdk,0035 - 【寶可夢ZA】DLC玩前必看.docx,ok,
36,GFN x 玫玫物語 11月,1o0YTJuokZWtfxmg8bSffCtuPPUVde78UFP0btyllbDI,2025-11-29T16:55:09.977Z,https://docs.google.com/document/d/1o0YTJuokZWtfxmg8bSffCtuPPUVde78UFP0btyllbDI/edit?usp=drivesdk,0036 - GFN x 玫玫物語 11月.docx,ok,
37,【歧路旅人0】買之前 10件 你需要知道的事情,1OnGeoRnc7yT0IT8O0MKFpSsaQJ6iHeRxgWwjVk4NbIg,2025-11-27T12:48:25.464Z,https://docs.google.com/document/d/1OnGeoRnc7yT0IT8O0MKFpSsaQJ6iHeRxgWwjVk4NbIg/edit?usp=drivesdk,0037 - 【歧路旅人0】買之前 10件 你需要知道的事情.docx,ok,
38,【決勝時刻：黑色行動7】新手開局必看攻略✨前期你需要知道的10個超實用技巧 ，大幅提升遊戲體驗,1kXFSSgF8uHj90j96x9ll8pRwrez6wJG2GLiKLqaovSc,2025-11-22T11:10:07.005Z,https://docs.google.com/document/d/1kXFSSgF8uHj90j96x9ll8pRwrez6wJG2GLiKLqaovSc/edit?usp=drivesdk,0038 - 【決勝時刻：黑色行動7】新手開局必看攻略✨前期你需要知道的10個超實用技巧 ，大幅提升遊戲體驗.docx,ok,
39,【萊莎的鍊金工房 ～秘密三部曲～ DX】,13avFL8eIYE7Hxnn2GAtJ68SgzpCfrFFAB7H0PYZRQJM,2025-11-16T07:45:11.948Z,https://docs.google.com/document/d/13avFL8eIYE7Hxnn2GAtJ68SgzpCfrFFAB7H0PYZRQJM/edit?usp=drivesdk,0039 - 【萊莎的鍊金工房 ～秘密三部曲～ DX】.docx,ok,
40,【鼠托邦】新手開局必看攻略✨前期你需要知道的10個超實用技巧 ，大幅提升遊戲體驗,1utyeb3fxHHVYIGa5DG6XkeJpQijGAM8_xp0czsp993w,2025-11-12T13:11:13.739Z,https://docs.google.com/document/d/1utyeb3fxHHVYIGa5DG6XkeJpQijGAM8_xp0czsp993w/edit?usp=drivesdk,0040 - 【鼠托邦】新手開局必看攻略✨前期你需要知道的10個超實用技巧 ，大幅提升遊戲體驗.docx,ok,
41,【薩爾達】新手開局必看攻略✨前期你需要知道的10個實用技巧 ，所有重點一次看,1Qxu26_6BmMAaEtGIx5wG2tKq3cXr-3J4W6Ry1hlXQ8w,2025-11-10T10:07:16.127Z,https://docs.google.com/document/d/1Qxu26_6BmMAaEtGIx5wG2tKq3cXr-3J4W6Ry1hlXQ8w/edit?usp=drivesdk,0041 - 【薩爾達】新手開局必看攻略✨前期你需要知道的10個實用技巧 ，所有重點一次看.docx,ok,
42,【寶可夢ZA】DLC最新消息,19dyac7md_d8NdmhT_J6D8ZL4ECeRafHKTZui7r6U_OA,2025-11-06T16:29:59.607Z,https://docs.google.com/document/d/19dyac7md_d8NdmhT_J6D8ZL4ECeRafHKTZui7r6U_OA/edit?usp=drivesdk,0042 - 【寶可夢ZA】DLC最新消息.docx,ok,
43,【寶可夢ZA】Top10 最強寶可夢,1Wr1ArbQ8jnXKchEISQY512FbGJ1Mw1n9GYPZiwGy4dk,2025-11-06T07:07:44.210Z,https://docs.google.com/document/d/1Wr1ArbQ8jnXKchEISQY512FbGJ1Mw1n9GYPZiwGy4dk/edit?usp=drivesdk,0043 - 【寶可夢ZA】Top10 最強寶可夢.docx,ok,
44,【寶可夢ZA】Top10 做壞技能,1VhrqAEBKAbXNLVXz4ZJSZWga2UVJ_siAtjdhjI1sZzM,2025-10-30T22:52:13.317Z,https://docs.google.com/document/d/1VhrqAEBKAbXNLVXz4ZJSZWga2UVJ_siAtjdhjI1sZzM/edit?usp=drivesdk,0044 - 【寶可夢ZA】Top10 做壞技能.docx,ok,
45,【寶可夢ZA】10個人氣寶可夢，掛機刷閃點位,15M0ZHYguqmlNLPZIqBy9jqOgllRytqbJN8-uUlu9wwg,2025-10-26T18:04:44.943Z,https://docs.google.com/document/d/15M0ZHYguqmlNLPZIqBy9jqOgllRytqbJN8-uUlu9wwg/edit?usp=drivesdk,0045 - 【寶可夢ZA】10個人氣寶可夢，掛機刷閃點位.docx,ok,
46,【寶可夢ZA】如何最快獲得閃耀護符,1bQFWLcUl3cFq6YZwJXHMhcJAo5pu74-a5zQ7VmgDwgc,2025-10-25T03:55:04.171Z,https://docs.google.com/document/d/1bQFWLcUl3cFq6YZwJXHMhcJAo5pu74-a5zQ7VmgDwgc/edit?usp=drivesdk,0046 - 【寶可夢ZA】如何最快獲得閃耀護符.docx,ok,
47,【寶可夢ZA】最高效率刷取閃光&頭目寶可夢的 5 種方法✨ 閃光機制超詳細完整攻略,1S9VU-yE1fO9INXTN0ZnUum4HY3WiYzbMCdktNki-0xU,2025-10-23T11:32:17.138Z,https://docs.google.com/document/d/1S9VU-yE1fO9INXTN0ZnUum4HY3WiYzbMCdktNki-0xU/edit?usp=drivesdk,0047 - 【寶可夢ZA】最高效率刷取閃光&頭目寶可夢的 5 種方法✨ 閃光機制超詳細完整攻略.docx,ok,
48,【寶可夢ZA】5 個最高效率速刷超級碎片的點位，瞬間999碎片,1KeqzotbIi1aVzoG01-kxcqtXDxinpGuwolxYmwEFAgE,2025-10-23T00:37:40.551Z,https://docs.google.com/document/d/1KeqzotbIi1aVzoG01-kxcqtXDxinpGuwolxYmwEFAgE/edit?usp=drivesdk,0048 - 【寶可夢ZA】5 個最高效率速刷超級碎片的點位，瞬間999碎片.docx,ok,
49,【寶可夢ZA】全螺絲,1l_M5wwjXOvOtp0mKzERfVHZIJOG0xLbfGOCco3kHiKs,2025-10-21T22:37:49.233Z,https://docs.google.com/document/d/1l_M5wwjXOvOtp0mKzERfVHZIJOG0xLbfGOCco3kHiKs/edit?usp=drivesdk,0049 - 【寶可夢ZA】全螺絲.docx,ok,
50,【寶可夢ZA】一晚45萬,1MjLniOtH39Wwn_wdrP3xliQ1xdenYxnEALxdUbvz3LE,2025-10-20T21:13:31.793Z,https://docs.google.com/document/d/1MjLniOtH39Wwn_wdrP3xliQ1xdenYxnEALxdUbvz3LE/edit?usp=drivesdk,0050 - 【寶可夢ZA】一晚45萬.docx,ok,
51,【寶可夢ZA】全野生地區蒐集,1Ooiz9O6D9xjzxBh7UZ6w8wshvqqebK6dDhaxaNSrl50,2025-10-20T20:43:32.930Z,https://docs.google.com/document/d/1Ooiz9O6D9xjzxBh7UZ6w8wshvqqebK6dDhaxaNSrl50/edit?usp=drivesdk,0051 - 【寶可夢ZA】全野生地區蒐集.docx,ok,
52,【寶可夢ZA】破關後可以做啥,11vhwLskm8VLQPUL6Rnv1LZzyogJTqoxr0KHGUt6Qsow,2025-10-20T19:58:45.082Z,https://docs.google.com/document/d/11vhwLskm8VLQPUL6Rnv1LZzyogJTqoxr0KHGUt6Qsow/edit?usp=drivesdk,0052 - 【寶可夢ZA】破關後可以做啥.docx,ok,
53,【寶可夢ZA】10個最做壞技能,1mF2DxlYVqdtso30jvBOiDerWU7_o5s02YRB_i5XcSSo,2025-10-20T19:44:34.212Z,https://docs.google.com/document/d/1mF2DxlYVqdtso30jvBOiDerWU7_o5s02YRB_i5XcSSo/edit?usp=drivesdk,0053 - 【寶可夢ZA】10個最做壞技能.docx,ok,
54,【寶可夢ZA】最速刷經驗簡單升到100級的方法🔼前期到後期都通用，賺取超大量經驗值,17d6mXHtvTMzQn-dRXx7-wV0QO8W7tclsUK1hZkt2h28,2025-10-18T01:00:52.319Z,https://docs.google.com/document/d/17d6mXHtvTMzQn-dRXx7-wV0QO8W7tclsUK1hZkt2h28/edit?usp=drivesdk,0054 - 【寶可夢ZA】最速刷經驗簡單升到100級的方法🔼前期到後期都通用，賺取超大量經驗值.docx,ok,
55,【寶可夢ZA】必抓10隻,1GDpTmn1J0Yn0Cn8XlUgYgQaEItdeO-6Tse5wJrcF32Q,2025-10-17T16:12:00.325Z,https://docs.google.com/document/d/1GDpTmn1J0Yn0Cn8XlUgYgQaEItdeO-6Tse5wJrcF32Q/edit?usp=drivesdk,0055 - 【寶可夢ZA】必抓10隻.docx,ok,
56,【寶可夢ZA】掛機刷閃✨超簡單輕鬆100%必出閃光方法,1Sx9Vq28EPB7w0B4bNulg6Hxrm1g30N-j4QvI5fsUeNw,2025-10-17T13:11:44.858Z,https://docs.google.com/document/d/1Sx9Vq28EPB7w0B4bNulg6Hxrm1g30N-j4QvI5fsUeNw/edit?usp=drivesdk,0056 - 【寶可夢ZA】掛機刷閃✨超簡單輕鬆100%必出閃光方法.docx,ok,
57,【寶可夢ZA】刷等,1YaKSXT-_f01Pkzwl9eQgljg1FDBL--dr6N-cfvuT_Bc,2025-10-17T13:09:45.771Z,https://docs.google.com/document/d/1YaKSXT-_f01Pkzwl9eQgljg1FDBL--dr6N-cfvuT_Bc/edit?usp=drivesdk,0057 - 【寶可夢ZA】刷等.docx,ok,
58,【寶可夢ZA】新手開局必看攻略 📘 學會這10個實用技巧 ，前期開荒沒煩惱,1-sDtuEXX7NMVZ3h4ZBK3dzk8gsOFgyuGIMQN2CApF_w,2025-10-17T12:00:40.090Z,https://docs.google.com/document/d/1-sDtuEXX7NMVZ3h4ZBK3dzk8gsOFgyuGIMQN2CApF_w/edit?usp=drivesdk,0058 - 【寶可夢ZA】新手開局必看攻略 📘 學會這10個實用技巧 ，前期開荒沒煩惱.docx,ok,
59,【寶可夢ZA】前期速刷超級碎片攻略⚡1分鐘200片直接MEGA石自由,1U6nkHcfhxsYnEpt7F6WpG6DeUf5AAXSpEmapiwfW_kg,2025-10-16T11:49:02.537Z,https://docs.google.com/document/d/1U6nkHcfhxsYnEpt7F6WpG6DeUf5AAXSpEmapiwfW_kg/edit?usp=drivesdk,0059 - 【寶可夢ZA】前期速刷超級碎片攻略⚡1分鐘200片直接MEGA石自由.docx,ok,
60,【寶可夢ZA】逾三家,1JBonbOghVsHqGOp3JABFCxigcmOvgG7qgFjShrXZM2w,2025-10-15T19:17:14.599Z,https://docs.google.com/document/d/1JBonbOghVsHqGOp3JABFCxigcmOvgG7qgFjShrXZM2w/edit?usp=drivesdk,0060 - 【寶可夢ZA】逾三家.docx,ok,
61,【《紅色的鍊金術士和白色的守護者～蕾斯萊莉婭娜的鍊金工房～》】,1Js40_dPxXnnmP9os4Iye8WMQHfCBcrCTTI7Ep_lOgwc,2025-10-15T10:05:53.248Z,https://docs.google.com/document/d/1Js40_dPxXnnmP9os4Iye8WMQHfCBcrCTTI7Ep_lOgwc/edit?usp=drivesdk,0061 - 【《紅色的鍊金術士和白色的守護者～蕾斯萊莉婭娜的鍊金工房～》】.docx,ok,
62,玫玫物語文案風格設定,1kiU8V4dwCsaeedUsEyu60p4azlNjs8Gzmw3h6hwphmE,2025-10-14T22:33:38.243Z,https://docs.google.com/document/d/1kiU8V4dwCsaeedUsEyu60p4azlNjs8Gzmw3h6hwphmE/edit?usp=drivesdk,0062 - 玫玫物語文案風格設定.docx,ok,
63,【寶可夢ZA】買之前 10件 你需要知道的事情，差異最大、難度最高的一代寶可夢⁉️,1xJAs3mRoXg0IYROWiuDzE3LEVXVsER6KuVbWhAKjikY,2025-10-14T22:33:28.622Z,https://docs.google.com/document/d/1xJAs3mRoXg0IYROWiuDzE3LEVXVsER6KuVbWhAKjikY/edit?usp=drivesdk,0063 - 【寶可夢ZA】買之前 10件 你需要知道的事情，差異最大、難度最高的一代寶可夢⁉️.docx,ok,
64,伊瑟 x 玫玫物語,1ERdAY6bNx_OPY2L1uvnc6caoqRmovmzlDIrwqGb9XIM,2025-10-13T07:47:30.357Z,https://docs.google.com/document/d/1ERdAY6bNx_OPY2L1uvnc6caoqRmovmzlDIrwqGb9XIM/edit?usp=drivesdk,0064 - 伊瑟 x 玫玫物語.docx,ok,
65,GFN x 玫玫物語,1qdXW3GYgoOOryVFQXCKmmnbsqenDpq4CTUDZJ64l-mw,2025-10-09T11:29:19.497Z,https://docs.google.com/document/d/1qdXW3GYgoOOryVFQXCKmmnbsqenDpq4CTUDZJ64l-mw/edit?usp=drivesdk,0065 - GFN x 玫玫物語.docx,ok,
66,【紅色的鍊金術士和白色的守護者 ～蕾斯萊莉婭娜的鍊金工房～】,1aW0hO1LbU6AyKlhE0xKMAyVptFx0zufeWNjU-NpEon0,2025-09-28T15:00:30.602Z,https://docs.google.com/document/d/1aW0hO1LbU6AyKlhE0xKMAyVptFx0zufeWNjU-NpEon0/edit?usp=drivesdk,0066 - 【紅色的鍊金術士和白色的守護者 ～蕾斯萊莉婭娜的鍊金工房～】.docx,ok,
67,【咚奇剛蕉力全開】買之前 10件 你需要知道的事情,1-Dj8P8DGl5gTU1H0WLh2hnIQkSUUneblLPdg-CpwQM8,2025-09-25T05:35:21.733Z,https://docs.google.com/document/d/1-Dj8P8DGl5gTU1H0WLh2hnIQkSUUneblLPdg-CpwQM8/edit?usp=drivesdk,0067 - 【咚奇剛蕉力全開】買之前 10件 你需要知道的事情.docx,ok,
68,Town to City x 玫玫物語,1rorRRzSMciBzk9Cz2vjmcS4U-fso1rItlC3z1h6g_sc,2025-09-16T03:15:47.578Z,https://docs.google.com/document/d/1rorRRzSMciBzk9Cz2vjmcS4U-fso1rItlC3z1h6g_sc/edit?usp=drivesdk,0068 - Town to City x 玫玫物語.docx,ok,
69,【牧場物語來吧,1XOdKQDqKsJvQblqarPArqatiL40ror9VFjyT3y26YY0,2025-08-09T23:58:54.240Z,https://docs.google.com/document/d/1XOdKQDqKsJvQblqarPArqatiL40ror9VFjyT3y26YY0/edit?usp=drivesdk,0069 - 【牧場物語來吧.docx,ok,
70,【明末：淵虛之羽】買之前 10件 你需要知道的事情，,1vdGdutbV5XJXdQhTsbiMAEPQdiF8KhlGt2wZ1wO4kho,2025-08-05T23:23:49.862Z,https://docs.google.com/document/d/1vdGdutbV5XJXdQhTsbiMAEPQdiF8KhlGt2wZ1wO4kho/edit?usp=drivesdk,0070 - 【明末：淵虛之羽】買之前 10件 你需要知道的事情，.docx,ok,
71,【明末：淵虛之羽】新手開局必看攻略📖學會這10個實用技巧，,12lNKi5EwUKw71s1UcgQb5C2k_nybdjGU29QKWkGnIlQ,2025-08-02T05:17:13.106Z,https://docs.google.com/document/d/12lNKi5EwUKw71s1UcgQb5C2k_nybdjGU29QKWkGnIlQ/edit?usp=drivesdk,0071 - 【明末：淵虛之羽】新手開局必看攻略📖學會這10個實用技巧，.docx,ok,
72,【鬼谷八荒】,1zaoHZehMqbRtuT55edsFhqfF7vXXOZik_vacJlG8ZeI,2025-07-25T22:40:25.374Z,https://docs.google.com/document/d/1zaoHZehMqbRtuT55edsFhqfF7vXXOZik_vacJlG8ZeI/edit?usp=drivesdk,0072 - 【鬼谷八荒】.docx,ok,
73,紀念碑谷3 X 玫玫物語,1GPeL-O1k_6BQnJvgqRiI4xc9b-WaIfT7egaIREE5__E,2025-07-21T14:18:06.060Z,https://docs.google.com/document/d/1GPeL-O1k_6BQnJvgqRiI4xc9b-WaIfT7egaIREE5__E/edit?usp=drivesdk,0073 - 紀念碑谷3 X 玫玫物語.docx,ok,
74,英勇之地 X 玫玫物語,1vvqs0KyzXKMQhBSHU1_-GRpzd0Icxi9XRCn8PCuPcdg,2025-07-21T13:13:14.472Z,https://docs.google.com/document/d/1vvqs0KyzXKMQhBSHU1_-GRpzd0Icxi9XRCn8PCuPcdg/edit?usp=drivesdk,0074 - 英勇之地 X 玫玫物語.docx,ok,
75,【死亡擱淺2冥灘之上】開若爾晶體速刷攻略,16R7QdbCnwGcUTbNJ6BT3sJuLifA-ZuPbhSPubfKX_gY,2025-07-03T06:06:36.950Z,https://docs.google.com/document/d/16R7QdbCnwGcUTbNJ6BT3sJuLifA-ZuPbhSPubfKX_gY/edit?usp=drivesdk,0075 - 【死亡擱淺2冥灘之上】開若爾晶體速刷攻略.docx,ok,
76,【死亡擱淺2冥灘之上】新手開局必看攻略📖學會這10個實用技巧，大幅改善遊戲體驗,1azakoFt8znXkrtIcsQbnYofhLz6gplxLgEjQtIdgxaM,2025-06-29T08:34:47.606Z,https://docs.google.com/document/d/1azakoFt8znXkrtIcsQbnYofhLz6gplxLgEjQtIdgxaM/edit?usp=drivesdk,0076 - 【死亡擱淺2冥灘之上】新手開局必看攻略📖學會這10個實用技巧，大幅改善遊戲體驗.docx,ok,
77,【全面評測】Switch2,1t86tbvZz08EaaF7Wa2InKLJnrXl1nXEo--FU7Ypw_-g,2025-06-10T16:52:05.928Z,https://docs.google.com/document/d/1t86tbvZz08EaaF7Wa2InKLJnrXl1nXEo--FU7Ypw_-g/edit?usp=drivesdk,0077 - 【全面評測】Switch2.docx,ok,
78,【艾爾登法環黑夜君臨】全地圖詳解，每把輕鬆15級,1u9D7KZFd0bWdMeCfxfLF1Qzps3VqyxHmURw4jLd4ws4,2025-06-06T07:37:13.576Z,https://docs.google.com/document/d/1u9D7KZFd0bWdMeCfxfLF1Qzps3VqyxHmURw4jLd4ws4/edit?usp=drivesdk,0078 - 【艾爾登法環黑夜君臨】全地圖詳解，每把輕鬆15級.docx,ok,
79,【艾爾登法環黑夜君臨】新手,1VF6W4V3xZNMSVs5xjRpl19P57O4eWQmvC5gPvSEOlfs,2025-06-06T06:53:11.067Z,https://docs.google.com/document/d/1VF6W4V3xZNMSVs5xjRpl19P57O4eWQmvC5gPvSEOlfs/edit?usp=drivesdk,0079 - 【艾爾登法環黑夜君臨】新手.docx,ok,
80,《艾爾登法環：黑夜君臨》「女爵」與「復仇者」職業解鎖攻略,1XykF5cpT4Oqc-EH3g1-vRulXwCCZpdl8JNpukNu0Ufg,2025-06-02T10:39:18.782Z,https://docs.google.com/document/d/1XykF5cpT4Oqc-EH3g1-vRulXwCCZpdl8JNpukNu0Ufg/edit?usp=drivesdk,0080 - 《艾爾登法環：黑夜君臨》「女爵」與「復仇者」職業解鎖攻略.docx,ok,
81,卡卡布,1EPBztFCk4IdIDBmlLb8yOXY1iH5Mftpm8e9r6doEfBg,2025-05-29T05:15:30.833Z,https://docs.google.com/document/d/1EPBztFCk4IdIDBmlLb8yOXY1iH5Mftpm8e9r6doEfBg/edit?usp=drivesdk,0081 - 卡卡布.docx,ok,
82,【英雄傳說 卡卡布三部曲】,1y5XzIPH5Jp9oM2HniSCtvn1ggjl7pu0JeRjydgVYd5Y,2025-05-20T05:15:37.504Z,https://docs.google.com/document/d/1y5XzIPH5Jp9oM2HniSCtvn1ggjl7pu0JeRjydgVYd5Y/edit?usp=drivesdk,0082 - 【英雄傳說 卡卡布三部曲】.docx,ok,
83,【光與影33號遠征隊】全遊戲最強的TOP10符紋,1e3Dp4BhJab_--QIjC_yWnA1arA4TUPaqNnQyWYrbLnQ,2025-05-09T05:38:56.684Z,https://docs.google.com/document/d/1e3Dp4BhJab_--QIjC_yWnA1arA4TUPaqNnQyWYrbLnQ/edit?usp=drivesdk,0083 - 【光與影33號遠征隊】全遊戲最強的TOP10符紋.docx,ok,
84,【光與影33號遠征隊】前期就能成形的畢業流派 自殺單幹流,1c87zbhxmTeNALr7zz42RErY0flHp0-qJx4QX0hzyMMQ,2025-05-03T21:15:19.968Z,https://docs.google.com/document/d/1c87zbhxmTeNALr7zz42RErY0flHp0-qJx4QX0hzyMMQ/edit?usp=drivesdk,0084 - 【光與影33號遠征隊】前期就能成形的畢業流派 自殺單幹流.docx,ok,
85,【光與影33 號遠征隊】必解支線,1lsSCIUL78PlkpGhT0ApXFnvMrE5zSslJsrqwG7ugjcs,2025-05-01T15:40:41.122Z,https://docs.google.com/document/d/1lsSCIUL78PlkpGhT0ApXFnvMrE5zSslJsrqwG7ugjcs/edit?usp=drivesdk,0085 - 【光與影33 號遠征隊】必解支線.docx,ok,
86,MSI x 玫玫物語,13Vjnfri5aOAC3cghWhtw7vt9KBvXgdODnx8n2nn8IBg,2025-04-29T22:23:14.693Z,https://docs.google.com/document/d/13Vjnfri5aOAC3cghWhtw7vt9KBvXgdODnx8n2nn8IBg/edit?usp=drivesdk,0086 - MSI x 玫玫物語.docx,ok,
87,【光與影：33 號遠征隊】新手10大,1UlCPvn68-YvPAjAo1ugUHgXKX0BFPodVCF21bs-EtwI,2025-04-28T13:19:52.630Z,https://docs.google.com/document/d/1UlCPvn68-YvPAjAo1ugUHgXKX0BFPodVCF21bs-EtwI/edit?usp=drivesdk,0087 - 【光與影：33 號遠征隊】新手10大.docx,ok,
88,【魔物獵人荒野】花舞,1unNEPIvPWdvlLKMT8NmpYvWrNB0MBDWSVKvgpMbZD-M,2025-04-24T18:48:37.361Z,https://docs.google.com/document/d/1unNEPIvPWdvlLKMT8NmpYvWrNB0MBDWSVKvgpMbZD-M/edit?usp=drivesdk,0088 - 【魔物獵人荒野】花舞.docx,ok,
89,【火炬之光 無限】,1uengcc_1d7WPCngEhmaO54QMvyEKaHq4r-fOv0DL1MU,2025-04-24T10:58:43.096Z,https://docs.google.com/document/d/1uengcc_1d7WPCngEhmaO54QMvyEKaHq4r-fOv0DL1MU/edit?usp=drivesdk,0089 - 【火炬之光 無限】.docx,ok,
90,【第一狂戰士 卡贊】破關心得,1Zy8ypamECUx5Hy11rmG92MSsBy6PGzk09z2eO-wlwUo,2025-04-24T03:32:34.268Z,https://docs.google.com/document/d/1Zy8ypamECUx5Hy11rmG92MSsBy6PGzk09z2eO-wlwUo/edit?usp=drivesdk,0090 - 【第一狂戰士 卡贊】破關心得.docx,ok,
91,【魔物獵人荒野】「鎧玉」最新最速刷取攻略,11qX_LhED9dOlFBlynomvp26whC3hGXZeqxEqdb6Rs-8,2025-04-15T21:27:45.930Z,https://docs.google.com/document/d/11qX_LhED9dOlFBlynomvp26whC3hGXZeqxEqdb6Rs-8/edit?usp=drivesdk,0091 - 【魔物獵人荒野】「鎧玉」最新最速刷取攻略.docx,ok,
92,【魔物獵人荒野】速刷100張高級餐卷，從今以後貓飯自由!,1ncrN5jrLvzGRsYIlyi6AtCZnrFMQ4-ywjuoerNJ85LA,2025-04-11T19:30:52.477Z,https://docs.google.com/document/d/1ncrN5jrLvzGRsYIlyi6AtCZnrFMQ4-ywjuoerNJ85LA/edit?usp=drivesdk,0092 - 【魔物獵人荒野】速刷100張高級餐卷，從今以後貓飯自由!.docx,ok,
93,【魔物獵人荒野】白熾龍攻略,1i2D9ME8m_EJZXFKNip2Y597N93e-CwRTpxxvnWtPFm0,2025-04-06T16:52:23.257Z,https://docs.google.com/document/d/1i2D9ME8m_EJZXFKNip2Y597N93e-CwRTpxxvnWtPFm0/edit?usp=drivesdk,0093 - 【魔物獵人荒野】白熾龍攻略.docx,ok,
94,【魔物獵人荒野】銃槍大翻身,1pkv78hVqLTSaIDR-UTGztU4vVrQXt2XHQEi08AuXkvU,2025-04-06T10:17:06.826Z,https://docs.google.com/document/d/1pkv78hVqLTSaIDR-UTGztU4vVrQXt2XHQEi08AuXkvU/edit?usp=drivesdk,0094 - 【魔物獵人荒野】銃槍大翻身.docx,ok,
95,【懶人包】SWITCH2前言,1qpTphtFiPpIb_Ws5pyClwUFTsNdbBYtomhwwsPuWWko,2025-04-03T00:45:11.265Z,https://docs.google.com/document/d/1qpTphtFiPpIb_Ws5pyClwUFTsNdbBYtomhwwsPuWWko/edit?usp=drivesdk,0095 - 【懶人包】SWITCH2前言.docx,ok,
96,【超詳細】速刷餘音斷片、製作999品質的道具前言,1ms_2fyMcr33J3aGl_xe344ZMc6saY6IdXyOYEcwipLo,2025-03-31T15:45:56.325Z,https://docs.google.com/document/d/1ms_2fyMcr33J3aGl_xe344ZMc6saY6IdXyOYEcwipLo/edit?usp=drivesdk,0096 - 【超詳細】速刷餘音斷片、製作999品質的道具前言.docx,ok,
97,【懶人必看】全武器通用的 5 套畢業防具配裝 👚 再也不用煩惱防具和珠子了,1vBThlx60mw6MDCW0brgMItBNqrlySLH91ifpkh-VdQQ,2025-03-22T16:30:58.776Z,https://docs.google.com/document/d/1vBThlx60mw6MDCW0brgMItBNqrlySLH91ifpkh-VdQQ/edit?usp=drivesdk,0097 - 【懶人必看】全武器通用的 5 套畢業防具配裝 👚 再也不用煩惱防具和珠子了.docx,ok,
98,【魔物獵人荒野】片手劍 最輪椅，零基礎,1sBqcUxM4wpZLjRNQWmcMtA_udK6k2u2uMtlQFUbwUWc,2025-03-21T13:49:52.083Z,https://docs.google.com/document/d/1sBqcUxM4wpZLjRNQWmcMtA_udK6k2u2uMtlQFUbwUWc/edit?usp=drivesdk,0098 - 【魔物獵人荒野】片手劍 最輪椅，零基礎.docx,ok,
99,玫玫物語 x《突襲：暗影傳說》 影片置入合作,1cKX1RpIBsUC7TfAPQqxEIKaLtDPYMHlCIu1FkvyjHhg,2025-03-19T07:05:51.238Z,https://docs.google.com/document/d/1cKX1RpIBsUC7TfAPQqxEIKaLtDPYMHlCIu1FkvyjHhg/edit?usp=drivesdk,0099 - 玫玫物語 x《突襲：暗影傳說》 影片置入合作.docx,ok,
100,【魔物獵人荒野】副武器,1UMNCFzfGWXug_BXUEuqQKy6kF2dpEqy1ZARSs8VT8Hc,2025-03-18T15:23:08.582Z,https://docs.google.com/document/d/1UMNCFzfGWXug_BXUEuqQKy6kF2dpEqy1ZARSs8VT8Hc/edit?usp=drivesdk,0100 - 【魔物獵人荒野】副武器.docx,ok,
101,【優米雅的鍊金工房】買之前 10件 你需要知道的事情❤️鍊金工房全新香香系列作,1tPITZGD6971uTBG2hiss70Z999WCoBLy12dfDKztmOY,2025-03-17T13:47:46.565Z,https://docs.google.com/document/d/1tPITZGD6971uTBG2hiss70Z999WCoBLy12dfDKztmOY/edit?usp=drivesdk,0101 - 【優米雅的鍊金工房】買之前 10件 你需要知道的事情❤️鍊金工房全新香香系列作.docx,ok,
102,【魔物獵人荒野】不死牛魔套,11bAICyIudngP-YJf8y6H2Y8plozWUSLlDiqQQrCrQGg,2025-03-17T09:41:03.751Z,https://docs.google.com/document/d/11bAICyIudngP-YJf8y6H2Y8plozWUSLlDiqQQrCrQGg/edit?usp=drivesdk,0102 - 【魔物獵人荒野】不死牛魔套.docx,ok,
103,【優米雅的鍊金工房】買之前 10件 你需要知道的事情❤️鍊金工房全新香香系列作!,114GkKX29hZ1LGcnrk0bMCb-rHBZKWL6cgpwL8WDY6Wo,2025-03-17T06:57:51.983Z,https://docs.google.com/document/d/114GkKX29hZ1LGcnrk0bMCb-rHBZKWL6cgpwL8WDY6Wo/edit?usp=drivesdk,0103 - 【優米雅的鍊金工房】買之前 10件 你需要知道的事情❤️鍊金工房全新香香系列作!.docx,ok,
104,【優米雅的鍊金工房】新手開局必看攻略 📖 學會這 10 個實用技巧 ，前期開荒沒煩惱,1zKnuQbYgVEvI7GpRL-COhn9jpZoEfWph9WXhzTLNBh0,2025-03-16T05:58:19.942Z,https://docs.google.com/document/d/1zKnuQbYgVEvI7GpRL-COhn9jpZoEfWph9WXhzTLNBh0/edit?usp=drivesdk,0104 - 【優米雅的鍊金工房】新手開局必看攻略 📖 學會這 10 個實用技巧 ，前期開荒沒煩惱.docx,ok,
105,【魔物獵人荒野】細節,1gaGAExfiVevLRw4Mx14SgpCLj1lynQLq1PcoiMiyUVA,2025-03-13T01:48:33.796Z,https://docs.google.com/document/d/1gaGAExfiVevLRw4Mx14SgpCLj1lynQLq1PcoiMiyUVA/edit?usp=drivesdk,0105 - 【魔物獵人荒野】細節.docx,ok,
106,【靈獸江湖】評測,11faEyfLT0U5jGLKy-ZfJz7pkEP3X9-mBaJBBEBgCXqw,2025-03-13T01:08:29.564Z,https://docs.google.com/document/d/11faEyfLT0U5jGLKy-ZfJz7pkEP3X9-mBaJBBEBgCXqw/edit?usp=drivesdk,0106 - 【靈獸江湖】評測.docx,ok,
107,【33號遠征隊】戰,1WaAahvEkTh1alTvdG67VzmbgvomTs3NSTEnw85eex4s,2025-03-12T03:36:12.857Z,https://docs.google.com/document/d/1WaAahvEkTh1alTvdG67VzmbgvomTs3NSTEnw85eex4s/edit?usp=drivesdk,0107 - 【33號遠征隊】戰.docx,ok,
108,【魔物獵人荒野】原來大劍畢業武器藏在這裡,1uGwy-JMhAieb5O6yxMvUMV07lH-hGjDG9kPlnGc6rqM,2025-03-11T01:59:02.627Z,https://docs.google.com/document/d/1uGwy-JMhAieb5O6yxMvUMV07lH-hGjDG9kPlnGc6rqM/edit?usp=drivesdk,0108 - 【魔物獵人荒野】原來大劍畢業武器藏在這裡.docx,ok,
109,【FragPunk】新手必看,12eg61cppr8Kfc_3UMn4SYahYCwO81GK4Ttisj3ncbaA,2025-03-10T12:19:10.486Z,https://docs.google.com/document/d/12eg61cppr8Kfc_3UMn4SYahYCwO81GK4Ttisj3ncbaA/edit?usp=drivesdk,0109 - 【FragPunk】新手必看.docx,ok,
110,玟玟 腳本,1BsXe1bE8eXtqZEPVlGmgjI6HE8s1gRsiFN15RvWMpc4,2025-03-10T10:47:44.911Z,https://docs.google.com/document/d/1BsXe1bE8eXtqZEPVlGmgjI6HE8s1gRsiFN15RvWMpc4/edit?usp=drivesdk,0110 - 玟玟 腳本.docx,ok,
111,【魔物獵人荒野】戰鬥技巧,1X8L6YrYRlyukjWrd1DhnxtBWRqNFxEjUenOVOXwbuAw,2025-03-10T05:13:26.065Z,https://docs.google.com/document/d/1X8L6YrYRlyukjWrd1DhnxtBWRqNFxEjUenOVOXwbuAw/edit?usp=drivesdk,0111 - 【魔物獵人荒野】戰鬥技巧.docx,ok,
112,【魔物獵人荒野】釣魚全圖鑑,16d6v6v_4hZpKlKnw7nllOMt8qRsfkaS_r8vfYcdE5Ak,2025-03-09T00:50:34.167Z,https://docs.google.com/document/d/16d6v6v_4hZpKlKnw7nllOMt8qRsfkaS_r8vfYcdE5Ak/edit?usp=drivesdk,0112 - 【魔物獵人荒野】釣魚全圖鑑.docx,ok,
113,【魔物獵人荒野】弓畢業配裝,1Rsz5SzKuW4RubQWBASq-RgVx7b6P83quKxZhGFFO2Ss,2025-03-08T21:28:51.645Z,https://docs.google.com/document/d/1Rsz5SzKuW4RubQWBASq-RgVx7b6P83quKxZhGFFO2Ss/edit?usp=drivesdk,0113 - 【魔物獵人荒野】弓畢業配裝.docx,ok,
114,【魔物獵人荒野】如何打造最強機械武器,1dgf3-UoOy7DffRkEoV0_Ff7vQ3zBrWlowWDHlNqwhc4,2025-03-07T06:30:21.735Z,https://docs.google.com/document/d/1dgf3-UoOy7DffRkEoV0_Ff7vQ3zBrWlowWDHlNqwhc4/edit?usp=drivesdk,0114 - 【魔物獵人荒野】如何打造最強機械武器.docx,ok,
115,lagofast x 玫玫物語 ,1jfUPtz_skESJ-1039hdWsSPgBA5b_TGNV057bWyrx78,2025-03-06T02:57:32.354Z,https://docs.google.com/document/d/1jfUPtz_skESJ-1039hdWsSPgBA5b_TGNV057bWyrx78/edit?usp=drivesdk,0115 - lagofast x 玫玫物語.docx,ok,
116,【魔物獵人荒野】無限刷寶珠、刷機械武器,18g62j6mWf2Dvq9yshY95CQXZF8F3-l-16oPEDpNMBR0,2025-03-04T12:13:10.981Z,https://docs.google.com/document/d/18g62j6mWf2Dvq9yshY95CQXZF8F3-l-16oPEDpNMBR0/edit?usp=drivesdk,0116 - 【魔物獵人荒野】無限刷寶珠、刷機械武器.docx,ok,
117,【魔物獵人荒野】無限刷指定素材的超簡單方法,12n1TgMwTm5EkkW6_eIwwb1Sm9lLPiAiYW4PcWMtvi00,2025-03-03T18:10:38.209Z,https://docs.google.com/document/d/12n1TgMwTm5EkkW6_eIwwb1Sm9lLPiAiYW4PcWMtvi00/edit?usp=drivesdk,0117 - 【魔物獵人荒野】無限刷指定素材的超簡單方法.docx,ok,
118,【魔物獵人荒野】後期一定要有的神器,1gRxfjXPxbVAuSgJ5_sA7quaamz0BMG-KOIsIY4ZlAeA,2025-03-03T01:47:19.954Z,https://docs.google.com/document/d/1gRxfjXPxbVAuSgJ5_sA7quaamz0BMG-KOIsIY4ZlAeA/edit?usp=drivesdk,0118 - 【魔物獵人荒野】後期一定要有的神器.docx,ok,
119,【魔物獵人荒野】新手開局必看攻略 📖 學會這 10 個實用技巧 ，前期開荒沒煩惱,1QJ_UT4IVi5mvugS6uEqWCP4kIG2qBYzw5Si0oai3aWA,2025-03-02T02:29:04.692Z,https://docs.google.com/document/d/1QJ_UT4IVi5mvugS6uEqWCP4kIG2qBYzw5Si0oai3aWA/edit?usp=drivesdk,0119 - 【魔物獵人荒野】新手開局必看攻略 📖 學會這 10 個實用技巧 ，前期開荒沒煩惱.docx,ok,
120,【Mecha Break】X 玫玫物語合作文稿,1-KNkju1qJ65_fufwiSlXPVCmLUJVfla5cCB-F1d7b-I,2025-02-24T23:42:24.406Z,https://docs.google.com/document/d/1-KNkju1qJ65_fufwiSlXPVCmLUJVfla5cCB-F1d7b-I/edit?usp=drivesdk,0120 - 【Mecha Break】X 玫玫物語合作文稿.docx,ok,
121,【Mecha Break】機甲,1VnqGsYeoPfOEfoeE2q5Qj9FF9qCxBHszmVN1aUnAzXQ,2025-02-23T22:09:52.967Z,https://docs.google.com/document/d/1VnqGsYeoPfOEfoeE2q5Qj9FF9qCxBHszmVN1aUnAzXQ/edit?usp=drivesdk,0121 - 【Mecha Break】機甲.docx,ok,
122,【人中之龍8外傳】刷錢,1aDPB_TLbnDwKlcjgvb2g4izgB2ay_wg_PW9sAbAP8kU,2025-02-18T19:39:37.603Z,https://docs.google.com/document/d/1aDPB_TLbnDwKlcjgvb2g4izgB2ay_wg_PW9sAbAP8kU/edit?usp=drivesdk,0122 - 【人中之龍8外傳】刷錢.docx,ok,
123,【人中之龍8外傳】破關心得,1_9VktGhI626jn26N_OxwtmMpDfViP_ox4OlF0CMthjI,2025-02-18T00:52:56.686Z,https://docs.google.com/document/d/1_9VktGhI626jn26N_OxwtmMpDfViP_ox4OlF0CMthjI/edit?usp=drivesdk,0123 - 【人中之龍8外傳】破關心得.docx,ok,
124,【魔物獵人荒野】雙刀,11wpn-N_rETSJ-KRaVi1XjSggN4Y0Y0e8cth5WOzoNJI,2025-02-10T11:42:03.754Z,https://docs.google.com/document/d/11wpn-N_rETSJ-KRaVi1XjSggN4Y0Y0e8cth5WOzoNJI/edit?usp=drivesdk,0124 - 【魔物獵人荒野】雙刀.docx,ok,
125,【魔物獵人荒野】大劍,1CapZGMzXnCLqWz8RCMiTVILUCOolcolRvlzJW75Ue_E,2025-02-09T20:03:47.485Z,https://docs.google.com/document/d/1CapZGMzXnCLqWz8RCMiTVILUCOolcolRvlzJW75Ue_E/edit?usp=drivesdk,0125 - 【魔物獵人荒野】大劍.docx,ok,
126,【魔物獵人荒野】簡單暴力,1ExPwWNTS7HpO5rgZyZrOF-8u7zcOfCWnw7dxYIubOX0,2025-02-08T15:50:43.117Z,https://docs.google.com/document/d/1ExPwWNTS7HpO5rgZyZrOF-8u7zcOfCWnw7dxYIubOX0/edit?usp=drivesdk,0126 - 【魔物獵人荒野】簡單暴力.docx,ok,
127,【魔物獵人】二次公測前必看,19YG_XjFyeYTDYqlJeXG6FzAgBx479OMjGYkpB8tlavc,2025-02-05T19:53:32.379Z,https://docs.google.com/document/d/19YG_XjFyeYTDYqlJeXG6FzAgBx479OMjGYkpB8tlavc/edit?usp=drivesdk,0127 - 【魔物獵人】二次公測前必看.docx,ok,
128,【三國無雙起源】最強武器排名TOP5🏆哪一種才是最好用的武器? 第一名的連招可以打的敵人無法還手!,1QxOPMHyRBScnKIwTSn2Ar2T7uSjYInHLjmF-e5tYGvE,2025-01-20T15:04:06.162Z,https://docs.google.com/document/d/1QxOPMHyRBScnKIwTSn2Ar2T7uSjYInHLjmF-e5tYGvE/edit?usp=drivesdk,0128 - 【三國無雙起源】最強武器排名TOP5🏆哪一種才是最好用的武器_ 第一名的連招可以打的敵人無法還手!.docx,ok,
129,【三國無雙起源】赤兔馬最簡單最無腦的逃課獲取方法，輕鬆無傷打敗最高難度呂布，不用操作有手就可以,1UZdY2Pklh909QwXf87UyJfVqwlATfsnQmmwWYewj9aU,2025-01-20T12:36:30.401Z,https://docs.google.com/document/d/1UZdY2Pklh909QwXf87UyJfVqwlATfsnQmmwWYewj9aU/edit?usp=drivesdk,0129 - 【三國無雙起源】赤兔馬最簡單最無腦的逃課獲取方法，輕鬆無傷打敗最高難度呂布，不用操作有手就可以.docx,ok,
130,【三國無雙起源】藏超深,1Jjkc_725NfEMxQzBkkIy9UeEc_RR-P0ez10Ou_YoTyc,2025-01-19T16:34:01.175Z,https://docs.google.com/document/d/1Jjkc_725NfEMxQzBkkIy9UeEc_RR-P0ez10Ou_YoTyc/edit?usp=drivesdk,0130 - 【三國無雙起源】藏超深.docx,ok,
131,【三國無雙起源】全種類畢業武器獲得方法，解鎖最強隱藏武器方天戟「滅鸞」! ,17Bw1VlFAUGeYWLN_Yvb_FY2dGh-nYKjBqG1jOGQIPl0,2025-01-19T08:08:16.003Z,https://docs.google.com/document/d/17Bw1VlFAUGeYWLN_Yvb_FY2dGh-nYKjBqG1jOGQIPl0/edit?usp=drivesdk,0131 - 【三國無雙起源】全種類畢業武器獲得方法，解鎖最強隱藏武器方天戟「滅鸞」!.docx,ok,
132,【三國無雙起源】新手開局必看攻略 📘 學會這10個實用技巧 ，前期開荒沒煩惱,1qB_s2tdMTew98tPJUaPTIUu_V5VWIyWSuULW1T3TSoI,2025-01-16T19:18:00.614Z,https://docs.google.com/document/d/1qB_s2tdMTew98tPJUaPTIUu_V5VWIyWSuULW1T3TSoI/edit?usp=drivesdk,0132 - 【三國無雙起源】新手開局必看攻略 📘 學會這10個實用技巧 ，前期開荒沒煩惱.docx,ok,
133,【寶可夢卡牌】 TOP5 A1補充包新牌組😋,1G8KVEtOpt-CCCx1rUAgZTMQtKrU63lc3GikEJ_2UZ6A,2024-12-27T08:08:21.941Z,https://docs.google.com/document/d/1G8KVEtOpt-CCCx1rUAgZTMQtKrU63lc3GikEJ_2UZ6A/edit?usp=drivesdk,0133 - 【寶可夢卡牌】 TOP5 A1補充包新牌組😋.docx,error,HTTP Error 403: Forbidden
134,【黑神話悟空】新無敵不死流，超無腦簡單，怕痛的猴把防禦力點滿就對了,1xX3N1clVgq_vbBByUGcXfrqPRNXHO0sYGTUPYIWi8jg,2024-12-21T01:32:07.650Z,https://docs.google.com/document/d/1xX3N1clVgq_vbBByUGcXfrqPRNXHO0sYGTUPYIWi8jg/edit?usp=drivesdk,0134 - 【黑神話悟空】新無敵不死流，超無腦簡單，怕痛的猴把防禦力點滿就對了.docx,ok,
135,【黑神話悟空】大更新,1uBLAjhCRD1B6NNUcm9RgcBRfZFIJUwnAPX61yWXtK0Q,2024-12-16T01:29:57.821Z,https://docs.google.com/document/d/1uBLAjhCRD1B6NNUcm9RgcBRfZFIJUwnAPX61yWXtK0Q/edit?usp=drivesdk,0135 - 【黑神話悟空】大更新.docx,ok,
136,【真三國無雙】神作確定,1JIcQ3S5NewIZhELBc3HFwyxDEB1Hmu3UZcbKKpIy1YA,2024-12-07T16:45:25.830Z,https://docs.google.com/document/d/1JIcQ3S5NewIZhELBc3HFwyxDEB1Hmu3UZcbKKpIy1YA/edit?usp=drivesdk,0136 - 【真三國無雙】神作確定.docx,ok,
137,【寶可夢卡牌】 隱藏卡夢幻GET! 全圖鑑收集總共花了多少錢? 看完這片少走歪路《Pokémon TCG Pocket》,1zfJAnl78cn2gYdesdKfSWXqd8avjUH_FgvOX51vw4D4,2024-12-03T15:04:29.974Z,https://docs.google.com/document/d/1zfJAnl78cn2gYdesdKfSWXqd8avjUH_FgvOX51vw4D4/edit?usp=drivesdk,0137 - 【寶可夢卡牌】 隱藏卡夢幻GET! 全圖鑑收集總共花了多少錢_ 看完這片少走歪路《Pokémon TCG Pocket》.docx,ok,
138,【年度遊戲名單】一個DLC也可以做為年度遊戲? TGA臨時修改提名規則?,1ZPxNmZfa7zlfaOooCZW7HxiqDeENWdCvudV-BBAQuws,2024-11-19T01:34:43.608Z,https://docs.google.com/document/d/1ZPxNmZfa7zlfaOooCZW7HxiqDeENWdCvudV-BBAQuws/edit?usp=drivesdk,0138 - 【年度遊戲名單】一個DLC也可以做為年度遊戲_ TGA臨時修改提名規則_.docx,ok,
139,【寶可夢卡牌】 雷丘牌組， 《Pokémon TCG Pocket》,14112WcIu8jveo1Vl8BfTo4GGlbKUqHWxp02hJZrOB1I,2024-11-15T08:56:54.127Z,https://docs.google.com/document/d/14112WcIu8jveo1Vl8BfTo4GGlbKUqHWxp02hJZrOB1I/edit?usp=drivesdk,0139 - 【寶可夢卡牌】 雷丘牌組， 《Pokémon TCG Pocket》.docx,ok,
140,【寶可夢卡牌】 寶可夢機率《Pokémon TCG Pocket》,16e62PH-Sh3FuBrDRP6fwKizkg8eMQA3PADbjd2eFpi0,2024-11-14T14:04:31.490Z,https://docs.google.com/document/d/16e62PH-Sh3FuBrDRP6fwKizkg8eMQA3PADbjd2eFpi0/edit?usp=drivesdk,0140 - 【寶可夢卡牌】 寶可夢機率《Pokémon TCG Pocket》.docx,ok,
141,【寶可夢卡牌】 雷丘牌組， 《Pokémon TCG Pocket》,1Ga88suSpHnB5QbHTNpSjLbm6e0MjbWd7sq2R6qOn0eo,2024-11-13T10:26:25.510Z,https://docs.google.com/document/d/1Ga88suSpHnB5QbHTNpSjLbm6e0MjbWd7sq2R6qOn0eo/edit?usp=drivesdk,0141 - 【寶可夢卡牌】 雷丘牌組， 《Pokémon TCG Pocket》.docx,ok,
142,【寶可夢卡牌】 最新火爆猴快攻平民牌組，一張EX卡都不用放，皮卡丘的終極剋星,1zeODSjgWw-4socU9CEoSeVA5nyJBFUrV1XUusMGeDUI,2024-11-12T11:29:27.129Z,https://docs.google.com/document/d/1zeODSjgWw-4socU9CEoSeVA5nyJBFUrV1XUusMGeDUI/edit?usp=drivesdk,0142 - 【寶可夢卡牌】 最新火爆猴快攻平民牌組，一張EX卡都不用放，皮卡丘的終極剋星.docx,ok,
143,【勇者鬥惡龍】買前必看,17ItmsY11AdlDsw6dzc7l_AmYoTq-pv775elrjoIEvro,2024-11-09T13:15:21.669Z,https://docs.google.com/document/d/17ItmsY11AdlDsw6dzc7l_AmYoTq-pv775elrjoIEvro/edit?usp=drivesdk,0143 - 【勇者鬥惡龍】買前必看.docx,ok,
144,【寶可夢卡牌】 TOP5 版本最強的5套上分牌組,1PE9T-3m9QzwTucdCBfD6OkQgDskkeIN0oYIyf_lL-7Y,2024-11-07T07:26:32.201Z,https://docs.google.com/document/d/1PE9T-3m9QzwTucdCBfD6OkQgDskkeIN0oYIyf_lL-7Y/edit?usp=drivesdk,0144 - 【寶可夢卡牌】 TOP5 版本最強的5套上分牌組.docx,ok,
145,【魔物獵人】操蟲棍,1XMUaBBXJT0gpI0NrRDwf5KyGfl1Gej22GduBwfr_gyk,2024-11-02T13:40:02.745Z,https://docs.google.com/document/d/1XMUaBBXJT0gpI0NrRDwf5KyGfl1Gej22GduBwfr_gyk/edit?usp=drivesdk,0145 - 【魔物獵人】操蟲棍.docx,ok,
146,【魔物獵人】荒野的狩獵笛，最優雅的武器,1TrzASbI4L-TxReai2puTkoAU3nzij0KL81ISkswY2ow,2024-11-02T02:02:13.860Z,https://docs.google.com/document/d/1TrzASbI4L-TxReai2puTkoAU3nzij0KL81ISkswY2ow/edit?usp=drivesdk,0146 - 【魔物獵人】荒野的狩獵笛，最優雅的武器.docx,ok,
147,【魔物獵人】,1AzR9kA7vd4ggxDohq853_EUhCI0AUd6sC2FHy9gUMe0,2024-11-02T00:37:12.347Z,https://docs.google.com/document/d/1AzR9kA7vd4ggxDohq853_EUhCI0AUd6sC2FHy9gUMe0/edit?usp=drivesdk,0147 - 【魔物獵人】.docx,ok,
148,【魔物獵人】荒野的盾斧,1lEiHauIKNJiRSY--Y4JuZXgaHxWIiwjS14_5vqDKxPI,2024-11-01T02:18:50.444Z,https://docs.google.com/document/d/1lEiHauIKNJiRSY--Y4JuZXgaHxWIiwjS14_5vqDKxPI/edit?usp=drivesdk,0148 - 【魔物獵人】荒野的盾斧.docx,ok,
149,【魔物獵人】荒野的弓逆天加強 射出去的不是箭矢，是追蹤導彈,1zziLNB6Pv71lXV_lmZl3Hx2XdluByeheyg89V2OeHk0,2024-10-30T16:41:45.121Z,https://docs.google.com/document/d/1zziLNB6Pv71lXV_lmZl3Hx2XdluByeheyg89V2OeHk0/edit?usp=drivesdk,0149 - 【魔物獵人】荒野的弓逆天加強 射出去的不是箭矢，是追蹤導彈.docx,ok,
150,【超級瑪利歐派對空前盛會】盤點10款最好玩的小遊戲，這幾個,1bB9DcIOSfGbEsnAp6p-ERMIwSBVT5uHOGSoK0vbuCPg,2024-10-24T00:49:30.678Z,https://docs.google.com/document/d/1bB9DcIOSfGbEsnAp6p-ERMIwSBVT5uHOGSoK0vbuCPg/edit?usp=drivesdk,0150 - 【超級瑪利歐派對空前盛會】盤點10款最好玩的小遊戲，這幾個.docx,ok,
151,【暗喻幻想】如何取得最強畢業武器和「末日史書」?  一招9999秒殺所有敵人，後期最高效率刷經驗地點分享!,1az98XBNuRywybp3TUUEM9TgTXkqTInSiLqyJhMubaNw,2024-10-23T01:20:03.812Z,https://docs.google.com/document/d/1az98XBNuRywybp3TUUEM9TgTXkqTInSiLqyJhMubaNw/edit?usp=drivesdk,0151 - 【暗喻幻想】如何取得最強畢業武器和「末日史書」_ 一招9999秒殺所有敵人，後期最高效率刷經驗地點分享!.docx,ok,
152,8bitdo,1I-D4am_1UIxZ6V_m6F3rittyJW7cvzIgJX9dvnoXD00,2024-10-18T08:24:02.392Z,https://docs.google.com/document/d/1I-D4am_1UIxZ6V_m6F3rittyJW7cvzIgJX9dvnoXD00/edit?usp=drivesdk,0152 - 8bitdo.docx,ok,
153,【暗喻幻想】無限竊取💰 偷一次就賺18000，中後期高效率刷錢地點,1bdKE497a8zwF5Aw7QbSJ6DonzeErEQMS78iABe1Uasc,2024-10-17T19:20:25.990Z,https://docs.google.com/document/d/1bdKE497a8zwF5Aw7QbSJ6DonzeErEQMS78iABe1Uasc/edit?usp=drivesdk,0153 - 【暗喻幻想】無限竊取💰 偷一次就賺18000，中後期高效率刷錢地點.docx,ok,
154,【暗喻幻想】9/16關鍵選擇。,19Rv8wQkvP40BJ84AEPzOBUhS5lGsQBZ4vBQOKzcukd8,2024-10-16T19:26:56.166Z,https://docs.google.com/document/d/19Rv8wQkvP40BJ84AEPzOBUhS5lGsQBZ4vBQOKzcukd8/edit?usp=drivesdk,0154 - 【暗喻幻想】9_16關鍵選擇。.docx,ok,
155,【暗喻幻想】中期必拿最強裝備，拿好拿滿人手一個《暗喻幻想：ReFantazio》,1ksOIQ8MaZM9cRI9d_t6LYlOZDRiA6JOt9McT1wngcNM,2024-10-14T13:22:15.249Z,https://docs.google.com/document/d/1ksOIQ8MaZM9cRI9d_t6LYlOZDRiA6JOt9McT1wngcNM/edit?usp=drivesdk,0155 - 【暗喻幻想】中期必拿最強裝備，拿好拿滿人手一個《暗喻幻想：ReFantazio》.docx,ok,
156,【暗喻幻想】打寶箱怪前必看,1VmiPbmWp2QS5uOgIJT6xQjy4MzuZXHoW8T1_y_GNPAM,2024-10-13T11:24:36.670Z,https://docs.google.com/document/d/1VmiPbmWp2QS5uOgIJT6xQjy4MzuZXHoW8T1_y_GNPAM/edit?usp=drivesdk,0156 - 【暗喻幻想】打寶箱怪前必看.docx,ok,
157,【暗喻幻想】新手開局必看攻略🪄 學會這10個實用技巧 ,1w-nWiOr63GrMDERbco8pI-XecDADs0Kk1LKrAgr6N-M,2024-10-12T19:43:34.738Z,https://docs.google.com/document/d/1w-nWiOr63GrMDERbco8pI-XecDADs0Kk1LKrAgr6N-M/edit?usp=drivesdk,0157 - 【暗喻幻想】新手開局必看攻略🪄 學會這10個實用技巧.docx,ok,
158,【暗喻幻想】掛機刷錢《暗喻幻想：ReFantazio》,1s9b_3gA8qLTHKNzLx7gEDziEBalSzw3Tjkqtv4Tv8O0,2024-10-11T11:26:07.699Z,https://docs.google.com/document/d/1s9b_3gA8qLTHKNzLx7gEDziEBalSzw3Tjkqtv4Tv8O0/edit?usp=drivesdk,0158 - 【暗喻幻想】掛機刷錢《暗喻幻想：ReFantazio》.docx,ok,
159,【暗喻幻想】94分！《暗喻幻想：ReFantazio》,1ap4_mg5oGPaxsHwqO7t7B_rflaE8wdcKPnlwvCYmGS0,2024-10-09T16:17:07.408Z,https://docs.google.com/document/d/1ap4_mg5oGPaxsHwqO7t7B_rflaE8wdcKPnlwvCYmGS0/edit?usp=drivesdk,0159 - 【暗喻幻想】94分！《暗喻幻想：ReFantazio》.docx,ok,
160,【暗喻幻想】完美開局攻略， 《暗喻幻想：ReFantazio》,1aDCq3kB6G34EHC9EMuwwFKyVtev2_aMUbuYmNz3HBMo,2024-10-09T00:26:03.783Z,https://docs.google.com/document/d/1aDCq3kB6G34EHC9EMuwwFKyVtev2_aMUbuYmNz3HBMo/edit?usp=drivesdk,0160 - 【暗喻幻想】完美開局攻略， 《暗喻幻想：ReFantazio》.docx,ok,
161,【暗喻幻想】買之前 10件 你需要知道的事情 《暗喻幻想：ReFantazio》,1TRQmL7YJIEe2flBMnrUEP7zbzdY7OH746zCYSoGE7XU,2024-10-07T16:52:45.770Z,https://docs.google.com/document/d/1TRQmL7YJIEe2flBMnrUEP7zbzdY7OH746zCYSoGE7XU/edit?usp=drivesdk,0161 - 【暗喻幻想】買之前 10件 你需要知道的事情 《暗喻幻想：ReFantazio》.docx,ok,
162,【智慧的再現】全遊戲衣服《薩爾達傳說:智慧的再現》,1KZTF8oNM8ooklh0c6M7cSa2UcoKSm7a3_YR63hZhuWM,2024-10-04T19:04:16.887Z,https://docs.google.com/document/d/1KZTF8oNM8ooklh0c6M7cSa2UcoKSm7a3_YR63hZhuWM/edit?usp=drivesdk,0162 - 【智慧的再現】全遊戲衣服《薩爾達傳說_智慧的再現》.docx,ok,
163,【智慧的再現】90%玩家都不知道,1nbebYqiD3RYfO0Rd9KGmzkiolWpsylmwHcvABbwNL-g,2024-10-03T13:19:38.080Z,https://docs.google.com/document/d/1nbebYqiD3RYfO0Rd9KGmzkiolWpsylmwHcvABbwNL-g/edit?usp=drivesdk,0163 - 【智慧的再現】90%玩家都不知道.docx,ok,
164,【智慧的再現】TOP5 最強複製品排名🏆 戰鬥全靠他們就夠了，直接用到通關,1YxIx-oEhABGvH6w-prN1qQ6DyoF5ZMyEQQBcjuOEBc8,2024-10-01T14:34:35.433Z,https://docs.google.com/document/d/1YxIx-oEhABGvH6w-prN1qQ6DyoF5ZMyEQQBcjuOEBc8/edit?usp=drivesdk,0164 - 【智慧的再現】TOP5 最強複製品排名🏆 戰鬥全靠他們就夠了，直接用到通關.docx,ok,
165,【智慧的再現】10個必備複製品,1zrrjyiK6keGa39636JLltYscQkGdgUijleaChp9hN7w,2024-09-29T02:28:27.785Z,https://docs.google.com/document/d/1zrrjyiK6keGa39636JLltYscQkGdgUijleaChp9hN7w/edit?usp=drivesdk,0165 - 【智慧的再現】10個必備複製品.docx,ok,
166, 【智慧的再現】新手開局必看攻略🪄 學會這10個實用技巧 ，前期開荒沒煩惱!《薩爾達傳說:智慧的再現》,154h67snNH6p9ad6NtzUzhP0ewnd80sDqPoltprF9YRA,2024-09-27T12:26:19.154Z,https://docs.google.com/document/d/154h67snNH6p9ad6NtzUzhP0ewnd80sDqPoltprF9YRA/edit?usp=drivesdk,0166 - 【智慧的再現】新手開局必看攻略🪄 學會這10個實用技巧 ，前期開荒沒煩惱!《薩爾達傳說_智慧的再現》.docx,ok,
167,【暗喻幻想】神作確定,1CTzIPMrrvgpSK8otCBPkw8NP12rGTi9X0bvR3ioriWI,2024-09-26T13:05:27.420Z,https://docs.google.com/document/d/1CTzIPMrrvgpSK8otCBPkw8NP12rGTi9X0bvR3ioriWI/edit?usp=drivesdk,0167 - 【暗喻幻想】神作確定.docx,ok,
168,電玩酒吧,1NFUN_vmnQOb_pxuMngsDN1l1n_S7ZqeFUF_HOTDwMww,2024-09-26T11:03:57.036Z,https://docs.google.com/document/d/1NFUN_vmnQOb_pxuMngsDN1l1n_S7ZqeFUF_HOTDwMww/edit?usp=drivesdk,0168 - 電玩酒吧.docx,ok,
169,【黑神話悟空】血魔流,1hxU6n48sn3RI4LTj3FDS3RchBCXCy-uON7kRMW67Y60,2024-09-25T12:39:16.851Z,https://docs.google.com/document/d/1hxU6n48sn3RI4LTj3FDS3RchBCXCy-uON7kRMW67Y60/edit?usp=drivesdk,0169 - 【黑神話悟空】血魔流.docx,ok,
170,【智慧的再現】開荒最強複製品,12Ej2zSCZatGIOPIC2KJLu30J1Wv-ZhwkLJ135YB8EAA,2024-09-25T10:31:06.974Z,https://docs.google.com/document/d/12Ej2zSCZatGIOPIC2KJLu30J1Wv-ZhwkLJ135YB8EAA/edit?usp=drivesdk,0170 - 【智慧的再現】開荒最強複製品.docx,ok,
171,【智慧的再現】如何開局就獲得馬,1yALdIeydl2K4I7VH8blafVZSEowgPx1Lgx20TCasoj4,2024-09-24T20:27:02.977Z,https://docs.google.com/document/d/1yALdIeydl2K4I7VH8blafVZSEowgPx1Lgx20TCasoj4/edit?usp=drivesdk,0171 - 【智慧的再現】如何開局就獲得馬.docx,ok,
172,【黑神話悟空】最強變身排名TOP10,1fiAAFVG7OSCZBF9RmtqNtFo6shtnyLfxTwmIhxh7ClU,2024-09-21T08:15:34.076Z,https://docs.google.com/document/d/1fiAAFVG7OSCZBF9RmtqNtFo6shtnyLfxTwmIhxh7ClU/edit?usp=drivesdk,0172 - 【黑神話悟空】最強變身排名TOP10.docx,ok,
173,【黑神話悟空】二週目前必做的5件事,1eSmQtvlB7Gi4TC5D8ZqxoKa8jdr_3N0nQQxlxI_pmNU,2024-09-18T17:38:36.390Z,https://docs.google.com/document/d/1eSmQtvlB7Gi4TC5D8ZqxoKa8jdr_3N0nQQxlxI_pmNU/edit?usp=drivesdk,0173 - 【黑神話悟空】二週目前必做的5件事.docx,ok,
174,【黑神話悟空】10個你還不知道的實用技巧和小知識，大幅提升遊戲體驗,164YDGiKNiPNqCdihEZFer_BE-6S6Us70DEjpa4PRGyk,2024-09-14T20:06:55.223Z,https://docs.google.com/document/d/164YDGiKNiPNqCdihEZFer_BE-6S6Us70DEjpa4PRGyk/edit?usp=drivesdk,0174 - 【黑神話悟空】10個你還不知道的實用技巧和小知識，大幅提升遊戲體驗.docx,ok,
175,【黑神話悟空】毛侯流,1MFiTvZVjDY6TnMb7fEDDiLRgLcXa5mQNi2lN_8DC9wI,2024-09-14T14:25:59.334Z,https://docs.google.com/document/d/1MFiTvZVjDY6TnMb7fEDDiLRgLcXa5mQNi2lN_8DC9wI/edit?usp=drivesdk,0175 - 【黑神話悟空】毛侯流.docx,ok,
176,【黑神話悟空】錯過就沒了,1koHZzfWOkGE5Y3hepoPkX6aXmB9jRthW67l2GYOwP4g,2024-09-13T08:46:24.544Z,https://docs.google.com/document/d/1koHZzfWOkGE5Y3hepoPkX6aXmB9jRthW67l2GYOwP4g/edit?usp=drivesdk,0176 - 【黑神話悟空】錯過就沒了.docx,ok,
177,【黑神話悟空】90%玩家都不知道,1esmNZRE28o6ID93UUT_QUAje5PcXAyjL0woVPkJeeGs,2024-09-12T09:46:57.818Z,https://docs.google.com/document/d/1esmNZRE28o6ID93UUT_QUAje5PcXAyjL0woVPkJeeGs/edit?usp=drivesdk,0177 - 【黑神話悟空】90%玩家都不知道.docx,ok,
178,【黑神話悟空】四大掉落率超低的稀有裝備，每個都有獨門妙用 | 閉眼禪 | 長須頭面 | 鱉寶頭骨 | 金剛護臂,1vGBgcSMojxCVW9IcU9_I3KtFVYqLs5DXP6MeO5I9Tnk,2024-09-11T12:55:16.170Z,https://docs.google.com/document/d/1vGBgcSMojxCVW9IcU9_I3KtFVYqLs5DXP6MeO5I9Tnk/edit?usp=drivesdk,0178 - 【黑神話悟空】四大掉落率超低的稀有裝備，每個都有獨門妙用 _ 閉眼禪 _ 長須頭面 _ 鱉寶頭骨 _ 金剛護臂.docx,ok,
179,【黑神話悟空】3個速刷玲瓏內丹的好地方，2分鐘至少出1顆，快速刷滿所有屬性,1ZeNzXKi-Mm_ybKMeRpCPOFB9L2b1ndPbKXVyrABMaaE,2024-09-10T08:16:32.940Z,https://docs.google.com/document/d/1ZeNzXKi-Mm_ybKMeRpCPOFB9L2b1ndPbKXVyrABMaaE/edit?usp=drivesdk,0179 - 【黑神話悟空】3個速刷玲瓏內丹的好地方，2分鐘至少出1顆，快速刷滿所有屬性.docx,ok,
180,【薩爾達傳說 智慧的再現】買之前必看，10個,1S6Bs0FI3N2Vjy56rHFMgj8hjdAbCjZp4quIQOf7nSIU,2024-09-09T13:25:40.261Z,https://docs.google.com/document/d/1S6Bs0FI3N2Vjy56rHFMgj8hjdAbCjZp4quIQOf7nSIU/edit?usp=drivesdk,0180 - 【薩爾達傳說 智慧的再現】買之前必看，10個.docx,ok,
181,【黑神話悟空】90%玩家都不知道,1NotvFpezKyZiaFR4jLJMmzHIps2zp_gIPo4zydZVhxI,2024-09-08T02:21:00.789Z,https://docs.google.com/document/d/1NotvFpezKyZiaFR4jLJMmzHIps2zp_gIPo4zydZVhxI/edit?usp=drivesdk,0181 - 【黑神話悟空】90%玩家都不知道.docx,ok,
182,【黑神話悟空】第六章花果山全主線，隱藏BOSS詳細攻略,1NARG51eacHQwWFAANMdqFPOL_vTsheLGu0pXen7_wqQ,2024-09-06T14:15:15.727Z,https://docs.google.com/document/d/1NARG51eacHQwWFAANMdqFPOL_vTsheLGu0pXen7_wqQ/edit?usp=drivesdk,0182 - 【黑神話悟空】第六章花果山全主線，隱藏BOSS詳細攻略.docx,ok,
183,【黑神話悟空】最強丹藥,1Eub0RAFztc5SnBBExIubYBiFfOHPq1dy60wQmOWXDho,2024-09-05T15:28:20.694Z,https://docs.google.com/document/d/1Eub0RAFztc5SnBBExIubYBiFfOHPq1dy60wQmOWXDho/edit?usp=drivesdk,0183 - 【黑神話悟空】最強丹藥.docx,ok,
184,【黑神話悟空】玩第五章前必看，全隱藏BOSS，隱藏支線攻略,1cemTup-sR8HT7re9RkIL3C6jsngY-r5o_uYjK2-7iwU,2024-09-03T13:40:55.407Z,https://docs.google.com/document/d/1cemTup-sR8HT7re9RkIL3C6jsngY-r5o_uYjK2-7iwU/edit?usp=drivesdk,0184 - 【黑神話悟空】玩第五章前必看，全隱藏BOSS，隱藏支線攻略.docx,ok,
185,【黑神話悟空】玩第六章前必看，全隱藏BOSS，隱藏支線攻略,1MObvCJT7euN9w6J73xHMmPW3v1JZMI9spvyDYRxeZS0,2024-09-02T15:51:50.465Z,https://docs.google.com/document/d/1MObvCJT7euN9w6J73xHMmPW3v1JZMI9spvyDYRxeZS0/edit?usp=drivesdk,0185 - 【黑神話悟空】玩第六章前必看，全隱藏BOSS，隱藏支線攻略.docx,ok,
186,【黑神話悟空】馬天霸,1uVlryGR3yRLqTMVno4cCXRbL6iF4unc9YRHd8D3oFcw,2024-09-02T11:14:10.076Z,https://docs.google.com/document/d/1uVlryGR3yRLqTMVno4cCXRbL6iF4unc9YRHd8D3oFcw/edit?usp=drivesdk,0186 - 【黑神話悟空】馬天霸.docx,ok,
187,【黑神話悟空】最強精魄排名TOP10 ,1x5lpNWndyy0CXrEr0bUbp_QWzfJBA53cYc9tY9fqcik,2024-09-01T12:45:14.009Z,https://docs.google.com/document/d/1x5lpNWndyy0CXrEr0bUbp_QWzfJBA53cYc9tY9fqcik/edit?usp=drivesdk,0187 - 【黑神話悟空】最強精魄排名TOP10.docx,ok,
188,【黑神話悟空】10個優缺點老實說,1aA70AG0pSnhgYrVhtnsVLg2dEcnrxLJX6wYjksLghKM,2024-08-31T03:31:34.199Z,https://docs.google.com/document/d/1aA70AG0pSnhgYrVhtnsVLg2dEcnrxLJX6wYjksLghKM/edit?usp=drivesdk,0188 - 【黑神話悟空】10個優缺點老實說.docx,ok,
189,【黑神話悟空】玩第四章前必看，全隱藏BOSS，隱藏支線攻略 🍉,1zu9IO2qPspxoo7eF1kKzgAlHFoi4hPyaEx4e9L5Ejvs,2024-08-28T16:54:25.883Z,https://docs.google.com/document/d/1zu9IO2qPspxoo7eF1kKzgAlHFoi4hPyaEx4e9L5Ejvs/edit?usp=drivesdk,0189 - 【黑神話悟空】玩第四章前必看，全隱藏BOSS，隱藏支線攻略 🍉.docx,ok,
190,【黑神話悟空】最離譜的5個BUG盤點 無限回血、飛天、分身，學會後輕鬆秒殺所有BOSS,1Smo7WmA4TiSBIuEn4CMVA_G0aDAr7Sw1zfTuMW6r_7A,2024-08-26T20:52:15.088Z,https://docs.google.com/document/d/1Smo7WmA4TiSBIuEn4CMVA_G0aDAr7Sw1zfTuMW6r_7A/edit?usp=drivesdk,0190 - 【黑神話悟空】最離譜的5個BUG盤點 無限回血、飛天、分身，學會後輕鬆秒殺所有BOSS.docx,ok,
191,【黑神話悟空】妖王,1jmwPRDEATPZB0j5DuReEVLBONaPmW1XlFKOe51i7jFg,2024-08-25T16:11:40.019Z,https://docs.google.com/document/d/1jmwPRDEATPZB0j5DuReEVLBONaPmW1XlFKOe51i7jFg/edit?usp=drivesdk,0191 - 【黑神話悟空】妖王.docx,ok,
192,【黑神話悟空】家園系統,1kcRGkZPLjJW6CjtNdHuHO-HdQ9sFxsX9wLzxKKNUbIU,2024-08-23T14:39:57.792Z,https://docs.google.com/document/d/1kcRGkZPLjJW6CjtNdHuHO-HdQ9sFxsX9wLzxKKNUbIU/edit?usp=drivesdk,0192 - 【黑神話悟空】家園系統.docx,ok,
193,【黑神話悟空】新手開局必看攻略，學會這10個實用技巧 ，遊戲立刻變簡單,1B04QemwmhePt-CDH6MKJ1e2ZwwhnSaXL8bmwDUQvnJs,2024-08-22T13:53:28.691Z,https://docs.google.com/document/d/1B04QemwmhePt-CDH6MKJ1e2ZwwhnSaXL8bmwDUQvnJs/edit?usp=drivesdk,0193 - 【黑神話悟空】新手開局必看攻略，學會這10個實用技巧 ，遊戲立刻變簡單.docx,ok,
194,【黑神話悟空】前期最強流派配點 |,1qAeHuhnj1z9IodJTk-zXEhzXgrr9phc5siP8Kr59mEA,2024-08-22T11:49:24.083Z,https://docs.google.com/document/d/1qAeHuhnj1z9IodJTk-zXEhzXgrr9phc5siP8Kr59mEA/edit?usp=drivesdk,0194 - 【黑神話悟空】前期最強流派配點 _.docx,ok,
195,【黑神話悟空】帶你找到黃風嶺的3個隱藏妖王，獲取超強法寶「定風珠」攻略 |,10sQSkiYoUowoXXfQIg3RI1zlG4BeCNlLrYMYx_YiQkI,2024-08-21T15:37:17.771Z,https://docs.google.com/document/d/10sQSkiYoUowoXXfQIg3RI1zlG4BeCNlLrYMYx_YiQkI/edit?usp=drivesdk,0195 - 【黑神話悟空】帶你找到黃風嶺的3個隱藏妖王，獲取超強法寶「定風珠」攻略 _.docx,ok,
196,【黑神話悟空】2個藏超深的黑風山妖王，有一個精魄錯過甚至要等下周目，玩第二關前必看,1Zuv_brAnXWvlwwJy4mjy8WkMYu1nFZfsoZX1e8BMiVg,2024-08-21T04:22:02.242Z,https://docs.google.com/document/d/1Zuv_brAnXWvlwwJy4mjy8WkMYu1nFZfsoZX1e8BMiVg/edit?usp=drivesdk,0196 - 【黑神話悟空】2個藏超深的黑風山妖王，有一個精魄錯過甚至要等下周目，玩第二關前必看.docx,ok,
197,【買前必看】黑神話悟空值得買嗎,1sH_Yg_g7ZJRpYfyjTSGYLKtkCQA6m-HigBEbyhYeKzE,2024-08-17T04:21:46.240Z,https://docs.google.com/document/d/1sH_Yg_g7ZJRpYfyjTSGYLKtkCQA6m-HigBEbyhYeKzE/edit?usp=drivesdk,0197 - 【買前必看】黑神話悟空值得買嗎.docx,ok,
198,【最新預告】《薩爾達傳說:智慧的再現》更多資訊,16l-NGkEgUX0oKjfPZbLxA4hj2Oib0z9O6hJ1EzKquwI,2024-08-14T17:42:52.810Z,https://docs.google.com/document/d/16l-NGkEgUX0oKjfPZbLxA4hj2Oib0z9O6hJ1EzKquwI/edit?usp=drivesdk,0198 - 【最新預告】《薩爾達傳說_智慧的再現》更多資訊.docx,ok,
199,【黑神話】最具壓迫感的5大妖王! 每隻都大有來頭《黑神話 : 悟空》,13yBNiO9UpFeYq6V15Bl22G9exAxyTEIsvzMw6tWfat0,2024-08-14T02:46:57.794Z,https://docs.google.com/document/d/13yBNiO9UpFeYq6V15Bl22G9exAxyTEIsvzMw6tWfat0/edit?usp=drivesdk,0199 - 【黑神話】最具壓迫感的5大妖王! 每隻都大有來頭《黑神話 _ 悟空》.docx,ok,
200,【新手必看】前期超實用的的10個小技巧，必須知道的新手攻略,1XXd4g1tm39V1mkBk4Vpny7aT_7B5EqcAXnzgja_XONU,2024-08-12T06:27:10.717Z,https://docs.google.com/document/d/1XXd4g1tm39V1mkBk4Vpny7aT_7B5EqcAXnzgja_XONU/edit?usp=drivesdk,0200 - 【新手必看】前期超實用的的10個小技巧，必須知道的新手攻略.docx,ok,
201,【買前必看】《黑神話 : 悟空》四大天王,1byDMRMlBpTHC2WLUriYwhHTWey1-KNhmj3BIXYRQbec,2024-08-12T02:14:44.957Z,https://docs.google.com/document/d/1byDMRMlBpTHC2WLUriYwhHTWey1-KNhmj3BIXYRQbec/edit?usp=drivesdk,0201 - 【買前必看】《黑神話 _ 悟空》四大天王.docx,ok,
202,【超燃】電音版念經,1ssCEIVxjp5JXvBNBU1JCLEqiqwt0kPnHkLaNJd1Risw,2024-08-11T07:30:14.867Z,https://docs.google.com/document/d/1ssCEIVxjp5JXvBNBU1JCLEqiqwt0kPnHkLaNJd1Risw/edit?usp=drivesdk,0202 - 【超燃】電音版念經.docx,ok,
203,【買前必看】《薩爾達》,1xGJdJY118iwzFKRvPCnW8AXy9WtFuDGVWFJTgUTP3_Q,2024-08-10T03:36:31.091Z,https://docs.google.com/document/d/1xGJdJY118iwzFKRvPCnW8AXy9WtFuDGVWFJTgUTP3_Q/edit?usp=drivesdk,0203 - 【買前必看】《薩爾達》.docx,ok,
204,【買前必看】《黑神話 : 悟空》買之前 10件 必需要知道的事情,1Era9vBTo1zTpZXE8RP2NXKBXrc9OVpgIqyT0zkPg7gs,2024-08-09T10:39:16.034Z,https://docs.google.com/document/d/1Era9vBTo1zTpZXE8RP2NXKBXrc9OVpgIqyT0zkPg7gs/edit?usp=drivesdk,0204 - 【買前必看】《黑神話 _ 悟空》買之前 10件 必需要知道的事情.docx,ok,
205,【新手必看】前期超實用的10個小技巧，大幅提升遊戲體驗,19_ccmFIVtKzVMDDtsXBgDJBVHrqaMGD7KYfbWPhXrLM,2024-07-20T13:26:12.474Z,https://docs.google.com/document/d/19_ccmFIVtKzVMDDtsXBgDJBVHrqaMGD7KYfbWPhXrLM/edit?usp=drivesdk,0205 - 【新手必看】前期超實用的10個小技巧，大幅提升遊戲體驗.docx,ok,
206,【一刀流】尊矣卡利亞流派構築，一刀砍死BOSS | 流派介紹 | 艾爾登法環 DLC 黃金鼠幽影,1vsoxPOt_ljfyhHPLkVxGb8zmz0ZtAPRB-Y2MeYZRU60,2024-07-12T08:15:35.446Z,https://docs.google.com/document/d/1vsoxPOt_ljfyhHPLkVxGb8zmz0ZtAPRB-Y2MeYZRU60/edit?usp=drivesdk,0206 - 【一刀流】尊矣卡利亞流派構築，一刀砍死BOSS _ 流派介紹 _ 艾爾登法環 DLC 黃金鼠幽影.docx,ok,
207,【中毒腐敗流】最新中毒流派玩法，一腳踹死對手 | 流派介紹 | 艾爾登法環 DLC 黃金鼠幽影,16ZcYGAuUaXPdg-1sNMplLvBDOTCJCew1fd2TgrRxdB8,2024-07-06T12:22:07.596Z,https://docs.google.com/document/d/16ZcYGAuUaXPdg-1sNMplLvBDOTCJCew1fd2TgrRxdB8/edit?usp=drivesdk,0207 - 【中毒腐敗流】最新中毒流派玩法，一腳踹死對手 _ 流派介紹 _ 艾爾登法環 DLC 黃金鼠幽影.docx,ok,
208,【超實用】TOP5 DLC最強防具⚔以及防具入手方式 | 艾爾登法環 DLC 黃金樹幽影,1nl-X1sqbol84hIolIcQ5h7hr0ajCoMmYzCSNzNXbviA,2024-07-03T12:13:51.262Z,https://docs.google.com/document/d/1nl-X1sqbol84hIolIcQ5h7hr0ajCoMmYzCSNzNXbviA/edit?usp=drivesdk,0208 - 【超實用】TOP5 DLC最強防具⚔以及防具入手方式 _ 艾爾登法環 DLC 黃金樹幽影.docx,ok,
209,【最恐怖BOSS 】癲火之王米德拉，詳細路線走法攻略，發癲老翁怎麼打,1faXUE5ccgMDnbY5cbhQVp1QFURNXuIiMLUWHykyFU2Y,2024-06-29T08:54:54.889Z,https://docs.google.com/document/d/1faXUE5ccgMDnbY5cbhQVp1QFURNXuIiMLUWHykyFU2Y/edit?usp=drivesdk,0209 - 【最恐怖BOSS 】癲火之王米德拉，詳細路線走法攻略，發癲老翁怎麼打.docx,ok,
210,【超無腦】TOP5 最強輪椅流派，一個比一個還離譜,1FhWaVplbPod_DThnI4gHMR6Fv4mCnIp_cIo5SJUVY-0,2024-06-28T12:48:18.365Z,https://docs.google.com/document/d/1FhWaVplbPod_DThnI4gHMR6Fv4mCnIp_cIo5SJUVY-0/edit?usp=drivesdk,0210 - 【超無腦】TOP5 最強輪椅流派，一個比一個還離譜.docx,ok,
211,【最強骨灰】硬到能單挑BOSS，DLC最強骨灰，鍛造魔像泰烏爾取得路線攻略 | 艾爾登法環 DLC 黃金樹幽影,1PsvW8H5OmF03KIpWZQQANPbPIUXlJyA6Cc66YTsrEoo,2024-06-28T06:00:16.664Z,https://docs.google.com/document/d/1PsvW8H5OmF03KIpWZQQANPbPIUXlJyA6Cc66YTsrEoo/edit?usp=drivesdk,0211 - 【最強骨灰】硬到能單挑BOSS，DLC最強骨灰，鍛造魔像泰烏爾取得路線攻略 _ 艾爾登法環 DLC 黃金樹幽影.docx,ok,
212,【完整攻略】錯過只能等下周目,1TNhvu0-tzb9oW2srP-sPgOiqrVw09NGF-WMoFm614Qc,2024-06-26T11:55:47.043Z,https://docs.google.com/document/d/1TNhvu0-tzb9oW2srP-sPgOiqrVw09NGF-WMoFm614Qc/edit?usp=drivesdk,0212 - 【完整攻略】錯過只能等下周目.docx,ok,
213,《艾爾登法環》尤彌爾支線任務攻略,117j3PjXgC1quUv5SpCEl3-Lyt05kTYhPZdIRKmPBkPM,2024-06-26T02:03:08.924Z,https://docs.google.com/document/d/117j3PjXgC1quUv5SpCEl3-Lyt05kTYhPZdIRKmPBkPM/edit?usp=drivesdk,0213 - 《艾爾登法環》尤彌爾支線任務攻略.docx,ok,
214,【完整攻略】「修里耶」支線任務，詳細流程攻略｜溶泥大柴刀 | 托莉娜的微笑 | ,1Vm5GpkcrI3kZWdVeS9ecMeiHZMr1rsApVQFwDOrNfQ4,2024-06-25T03:52:07.118Z,https://docs.google.com/document/d/1Vm5GpkcrI3kZWdVeS9ecMeiHZMr1rsApVQFwDOrNfQ4/edit?usp=drivesdk,0214 - 【完整攻略】「修里耶」支線任務，詳細流程攻略｜溶泥大柴刀 _ 托莉娜的微笑 _.docx,ok,
215,【艾爾登法環】DLC最夢幻武器,1-ZcthyZp-2w7NZnexjKabxcwrjA2YO2ZWokMGjzgATE,2024-06-24T11:07:04.605Z,https://docs.google.com/document/d/1-ZcthyZp-2w7NZnexjKabxcwrjA2YO2ZWokMGjzgATE/edit?usp=drivesdk,0215 - 【艾爾登法環】DLC最夢幻武器.docx,ok,
216,【逃課神器】DLC前期就能拿的最強傳說級武器，古鐵隕石大劍!取得方法詳細攻略 | 艾爾登法環DLC 黃金樹幽影,1x9cFsnxN4IaGYmS5IHklo-_RBybBH57qpb8rXpH8HnI,2024-06-23T13:31:35.588Z,https://docs.google.com/document/d/1x9cFsnxN4IaGYmS5IHklo-_RBybBH57qpb8rXpH8HnI/edit?usp=drivesdk,0216 - 【逃課神器】DLC前期就能拿的最強傳說級武器，古鐵隕石大劍!取得方法詳細攻略 _ 艾爾登法環DLC 黃金樹幽影.docx,ok,
217,【艾爾登法環 黃金樹幽影】穿刺者矛 | 幽影城BOSS路線 | 艾爾登法環,1-FbTi1APS68XdzVf57dWg2kPiTdGduOXD86ZYg-AhIo,2024-06-23T10:46:51.668Z,https://docs.google.com/document/d/1-FbTi1APS68XdzVf57dWg2kPiTdGduOXD86ZYg-AhIo/edit?usp=drivesdk,0217 - 【艾爾登法環 黃金樹幽影】穿刺者矛 _ 幽影城BOSS路線 _ 艾爾登法環.docx,ok,
218,【逃課神器】反手劍 | 艾爾登法環DLC 黃金樹幽影,1Q5xKUVikOjfEoAL0oKwbZxRnkgFICTzngcct8Z2whcA,2024-06-23T09:12:30.577Z,https://docs.google.com/document/d/1Q5xKUVikOjfEoAL0oKwbZxRnkgFICTzngcct8Z2whcA/edit?usp=drivesdk,0218 - 【逃課神器】反手劍 _ 艾爾登法環DLC 黃金樹幽影.docx,ok,
219,【艾爾登法環DLC】幽影之地全地圖碎片收集，超詳細路徑走法攻略,15xnIxLUHFBUrx_rMF5n55ahc4CpE3jERnWsseSFlhT4,2024-06-22T06:44:20.789Z,https://docs.google.com/document/d/15xnIxLUHFBUrx_rMF5n55ahc4CpE3jERnWsseSFlhT4/edit?usp=drivesdk,0219 - 【艾爾登法環DLC】幽影之地全地圖碎片收集，超詳細路徑走法攻略.docx,ok,
220,【艾爾登法環DLC】雙刀,1ploeAtrzp7eVE1-dTEcLKilVGgOqmYv2YB6la2eZJmM,2024-06-21T11:20:58.425Z,https://docs.google.com/document/d/1ploeAtrzp7eVE1-dTEcLKilVGgOqmYv2YB6la2eZJmM/edit?usp=drivesdk,0220 - 【艾爾登法環DLC】雙刀.docx,ok,
221,【艾爾登法環DLC】前期最快能拿到的強力失色武器，取得方法詳細攻略,1WmQt6LqHIhPwdDaw_Y7Cmg-Gp3ebZaW-DgH3DXrU_rg,2024-06-21T11:17:47.077Z,https://docs.google.com/document/d/1WmQt6LqHIhPwdDaw_Y7Cmg-Gp3ebZaW-DgH3DXrU_rg/edit?usp=drivesdk,0221 - 【艾爾登法環DLC】前期最快能拿到的強力失色武器，取得方法詳細攻略.docx,ok,
222,【艾爾登法環DLC】雙刀 | 艾爾登法環,1RYzDwZ0kwDXv2d15ngOU5JeLA1GsZQ4n8kx8azd6BzI,2024-06-21T08:36:54.921Z,https://docs.google.com/document/d/1RYzDwZ0kwDXv2d15ngOU5JeLA1GsZQ4n8kx8azd6BzI/edit?usp=drivesdk,0222 - 【艾爾登法環DLC】雙刀 _ 艾爾登法環.docx,ok,
223,【新T0武器】極度破壞遊戲體驗,1a_7Xbfp5wMG4nY3PpNBOTjEuo5QznbhTkXj4YysY5tQ,2024-06-21T07:42:51.836Z,https://docs.google.com/document/d/1a_7Xbfp5wMG4nY3PpNBOTjEuo5QznbhTkXj4YysY5tQ/edit?usp=drivesdk,0223 - 【新T0武器】極度破壞遊戲體驗.docx,ok,
224,【懶人包】Switch直面會重點遊戲一次看，真正的薩爾達傳說新作,1t0T0-1e3STTA-uYy6z7lof-rDH23dxd4asAUbhljV3k,2024-06-19T12:29:29.066Z,https://docs.google.com/document/d/1t0T0-1e3STTA-uYy6z7lof-rDH23dxd4asAUbhljV3k/edit?usp=drivesdk,0224 - 【懶人包】Switch直面會重點遊戲一次看，真正的薩爾達傳說新作.docx,ok,
225,【搶先看】艾爾登法環DLC黃金樹幽影全武器詳細展示介紹,1xfIJiNsMW2cUBx8aEjlxD0RCzGhsvk6VWHTmhG8LbNU,2024-06-17T11:50:42.782Z,https://docs.google.com/document/d/1xfIJiNsMW2cUBx8aEjlxD0RCzGhsvk6VWHTmhG8LbNU/edit?usp=drivesdk,0225 - 【搶先看】艾爾登法環DLC黃金樹幽影全武器詳細展示介紹.docx,ok,
226,【BUG刷錢】最新1,14mhRIuT95w0ff8Y9k5gZ_bCexl3MxqE-MryHN4wNUOU,2024-06-15T11:25:13.739Z,https://docs.google.com/document/d/14mhRIuT95w0ff8Y9k5gZ_bCexl3MxqE-MryHN4wNUOU/edit?usp=drivesdk,0226 - 【BUG刷錢】最新1.docx,ok,
227,【懶人包】艾爾登法環DLC黃金樹幽影新增內容一次看，見證史上最豐富DLC!,1wzkH_IpqTmhJvpxmqxTPYMpbA6vRR8oyuZkDet092UA,2024-06-14T21:52:25.648Z,https://docs.google.com/document/d/1wzkH_IpqTmhJvpxmqxTPYMpbA6vRR8oyuZkDet092UA/edit?usp=drivesdk,0227 - 【懶人包】艾爾登法環DLC黃金樹幽影新增內容一次看，見證史上最豐富DLC!.docx,ok,
228,【買之前必看】魔物獵人物語重製了哪些內容,1VZzdO1o6jrvuMD2NnMo8VAEDbQgptJaHVwtGVRArRHc,2024-06-03T05:46:49.394Z,https://docs.google.com/document/d/1VZzdO1o6jrvuMD2NnMo8VAEDbQgptJaHVwtGVRArRHc/edit?usp=drivesdk,0228 - 【買之前必看】魔物獵人物語重製了哪些內容.docx,ok,
229,【超稀有】如何獲取最稀有型態的耀西,1D3UeCNAvGiy2QdDSUpSlhPTxmcuB4TuyW_hQVF1SQO4,2024-05-28T17:19:57.426Z,https://docs.google.com/document/d/1D3UeCNAvGiy2QdDSUpSlhPTxmcuB4TuyW_hQVF1SQO4/edit?usp=drivesdk,0229 - 【超稀有】如何獲取最稀有型態的耀西.docx,ok,
230,【法杖攻略】首次通關就靠法杖! 又簡單又強力的法杖通關構築分享!,1RgMB5fTl-J7DyW9r36Y3v9hGyD4JugnG9j_tCqp5xMU,2024-05-13T13:00:02.650Z,https://docs.google.com/document/d/1RgMB5fTl-J7DyW9r36Y3v9hGyD4JugnG9j_tCqp5xMU/edit?usp=drivesdk,0230 - 【法杖攻略】首次通關就靠法杖! 又簡單又強力的法杖通關構築分享!.docx,ok,
231,【完整評測】黑帝斯2破關心得，現在值得入手嗎,125t_MBJbJwAD0id_sNODMIlB3PlNFmoZ8_-3p3vkOuo,2024-05-13T07:11:13.289Z,https://docs.google.com/document/d/125t_MBJbJwAD0id_sNODMIlB3PlNFmoZ8_-3p3vkOuo/edit?usp=drivesdk,0231 - 【完整評測】黑帝斯2破關心得，現在值得入手嗎.docx,ok,
232,【新手必看】前期開荒實用的十個小技巧，看完少走歪路,1O_tkMaRhnJYedx8eeFYBypLzyW2WoVtJlnU9mqTTjps,2024-05-09T12:28:34.767Z,https://docs.google.com/document/d/1O_tkMaRhnJYedx8eeFYBypLzyW2WoVtJlnU9mqTTjps/edit?usp=drivesdk,0232 - 【新手必看】前期開荒實用的十個小技巧，看完少走歪路.docx,ok,
233,【新手必看】全房間門圖示解說，這些門前期絕不能錯過,1h8zstcS4y_ToAtlOI48lgvX3Uc8aTdmCJZSyO2KIpQY,2024-05-08T11:58:58.682Z,https://docs.google.com/document/d/1h8zstcS4y_ToAtlOI48lgvX3Uc8aTdmCJZSyO2KIpQY/edit?usp=drivesdk,0233 - 【新手必看】全房間門圖示解說，這些門前期絕不能錯過.docx,ok,
234,【最速刷錢】100%成功，前期最輕鬆效率的賺錢方法 | 艾爾登法環,15jtUKRkFRp3kZkxwgFiHXD26zqZEkjlNhr7r0u_mBLg,2024-05-05T16:26:02.038Z,https://docs.google.com/document/d/15jtUKRkFRp3kZkxwgFiHXD26zqZEkjlNhr7r0u_mBLg/edit?usp=drivesdk,0234 - 【最速刷錢】100%成功，前期最輕鬆效率的賺錢方法 _ 艾爾登法環.docx,ok,
235,【震撼】99%星露谷玩家都不知道的10個隱藏秘密《Stardew Valley》,1_NLs9RFxYNunTfBQj1aaVMa9PisgzVmSHcKfYQTI7GM,2023-09-11T07:14:53.686Z,https://docs.google.com/document/d/1_NLs9RFxYNunTfBQj1aaVMa9PisgzVmSHcKfYQTI7GM/edit?usp=drivesdk,0235 - 【震撼】99%星露谷玩家都不知道的10個隱藏秘密《Stardew Valley》.docx,ok,
236,【入手前必看】Fae Farm好玩嗎,17jPCYjiLmWWMOTCoyQTKzl8Eni_du3HBBI1HiABAL8g,2023-09-10T06:06:22.082Z,https://docs.google.com/document/d/17jPCYjiLmWWMOTCoyQTKzl8Eni_du3HBBI1HiABAL8g/edit?usp=drivesdk,0236 - 【入手前必看】Fae Farm好玩嗎.docx,ok,
237,【必拿】前期就能使用6環法術,1rx6x20hlJhU-LJR-ADnXZCz4JAtmlke6pKeezC0Egpo,2023-09-03T15:36:29.582Z,https://docs.google.com/document/d/1rx6x20hlJhU-LJR-ADnXZCz4JAtmlke6pKeezC0Egpo/edit?usp=drivesdk,0237 - 【必拿】前期就能使用6環法術.docx,ok,
238,【超實用】10個你還不知道的博德之門3小技巧《博德之門3》,11Zu99rYu7XDyehe5aSXn18KhP5S5VIavmeyxMx2RGCI,2023-08-31T13:14:29.441Z,https://docs.google.com/document/d/11Zu99rYu7XDyehe5aSXn18KhP5S5VIavmeyxMx2RGCI/edit?usp=drivesdk,0238 - 【超實用】10個你還不知道的博德之門3小技巧《博德之門3》.docx,ok,
239,【Top10】遊戲前期最強力實用的10種法術 《博德之門3》,1jvXdrMGD7q593SFmseppDNjBnhF16Vp68Ry-FFQu560,2023-08-23T12:38:37.763Z,https://docs.google.com/document/d/1jvXdrMGD7q593SFmseppDNjBnhF16Vp68Ry-FFQu560/edit?usp=drivesdk,0239 - 【Top10】遊戲前期最強力實用的10種法術 《博德之門3》.docx,ok,
240,【超簡單】輕鬆財富自由! 最簡單安全的扒竊方法教學,1S_talkLwNTdTBtgJTpyVWhF8cn1jX8CThlsJIAUrLio,2023-08-20T06:33:01.354Z,https://docs.google.com/document/d/1S_talkLwNTdTBtgJTpyVWhF8cn1jX8CThlsJIAUrLio/edit?usp=drivesdk,0240 - 【超簡單】輕鬆財富自由! 最簡單安全的扒竊方法教學.docx,ok,
241,【實用】再也不過重! 背包整理的5個小技巧 《博德之門3》,1AEWrjjkfuJlqAq_R3H75b7pj-iUGjoNeC6_0XWlXGUc,2023-08-18T19:31:49.659Z,https://docs.google.com/document/d/1AEWrjjkfuJlqAq_R3H75b7pj-iUGjoNeC6_0XWlXGUc/edit?usp=drivesdk,0241 - 【實用】再也不過重! 背包整理的5個小技巧 《博德之門3》.docx,ok,
242,【震撼】戒心長刀，10個你還不知道的使用方法 《薩爾達傳說:王國之淚》,1p1LwN6UDXLHUNQetfnNRPEtsXI7qHv4JrhEbT4BQOkE,2023-08-13T17:53:17.283Z,https://docs.google.com/document/d/1p1LwN6UDXLHUNQetfnNRPEtsXI7qHv4JrhEbT4BQOkE/edit?usp=drivesdk,0242 - 【震撼】戒心長刀，10個你還不知道的使用方法 《薩爾達傳說_王國之淚》.docx,ok,
243,【畢業套裝】80防禦1.3攻擊! 最強的防具混搭組合,1UY5nO7D0Lf2CmrdHb0Q9Y6gctWjU6PoNJhwZ9lz3ENc,2023-08-11T05:48:42.296Z,https://docs.google.com/document/d/1UY5nO7D0Lf2CmrdHb0Q9Y6gctWjU6PoNJhwZ9lz3ENc/edit?usp=drivesdk,0243 - 【畢業套裝】80防禦1.3攻擊! 最強的防具混搭組合.docx,ok,
244,【全能載具】完全體鋼彈! 5個你不知道的魂之賢者實用技巧《薩爾達傳說 : 王國之淚》,1mzeLpmGH1jJ2Qhv7Ylb52Dp_WhFTFchpsbDTAw8rkQk,2023-07-31T12:03:43.113Z,https://docs.google.com/document/d/1mzeLpmGH1jJ2Qhv7Ylb52Dp_WhFTFchpsbDTAw8rkQk/edit?usp=drivesdk,0244 - 【全能載具】完全體鋼彈! 5個你不知道的魂之賢者實用技巧《薩爾達傳說 _ 王國之淚》.docx,ok,
245,【速刷電池】最速擴充16顆電池，詳細電池升級攻略,1M-Mqg97knABVu5Zx7l_SKEtnU8kecjCDfDmXeUAuaeM,2023-07-31T12:03:06.042Z,https://docs.google.com/document/d/1M-Mqg97knABVu5Zx7l_SKEtnU8kecjCDfDmXeUAuaeM/edit?usp=drivesdk,0245 - 【速刷電池】最速擴充16顆電池，詳細電池升級攻略.docx,ok,
246,【速刷龍素材】四條龍機制詳解，快速刷取龍的素材《薩爾達傳說 : 王國之淚》,1a-24Oqc0DmvZDBQWd6Kh0gjAO0LSbgK8fn8UzZ8LIik,2023-07-27T18:34:41.310Z,https://docs.google.com/document/d/1a-24Oqc0DmvZDBQWd6Kh0gjAO0LSbgK8fn8UzZ8LIik/edit?usp=drivesdk,0246 - 【速刷龍素材】四條龍機制詳解，快速刷取龍的素材《薩爾達傳說 _ 王國之淚》.docx,ok,
247,【畢業搭配】10把隨身必備的實用武器《薩爾達傳說 : 王國之淚》,14hF2pBDqxeFC-_iJCRHDi3eg6IxincV68tVdHoGDv4k,2023-07-18T10:25:30.950Z,https://docs.google.com/document/d/14hF2pBDqxeFC-_iJCRHDi3eg6IxincV68tVdHoGDv4k/edit?usp=drivesdk,0247 - 【畢業搭配】10把隨身必備的實用武器《薩爾達傳說 _ 王國之淚》.docx,ok,
248,【魔人料理】5分鐘全面了解闇之塊《薩爾達傳說 : 王國之淚》前言,1o_JmUDsyePwFE0UDS1pPgoN9hNbk4SUaYkqYIAgLH2s,2023-07-13T07:37:08.316Z,https://docs.google.com/document/d/1o_JmUDsyePwFE0UDS1pPgoN9hNbk4SUaYkqYIAgLH2s/edit?usp=drivesdk,0248 - 【魔人料理】5分鐘全面了解闇之塊《薩爾達傳說 _ 王國之淚》前言.docx,ok,
249,【刷新認知】10個超乎想像的倒轉乾坤用法《薩爾達傳說 : 王國之淚》,15mcC5qaB1kv9Xyp6-DtBh5Iv8Epe2Lt7OYiCfvllDTQ,2023-07-10T13:01:05.923Z,https://docs.google.com/document/d/15mcC5qaB1kv9Xyp6-DtBh5Iv8Epe2Lt7OYiCfvllDTQ/edit?usp=drivesdk,0249 - 【刷新認知】10個超乎想像的倒轉乾坤用法《薩爾達傳說 _ 王國之淚》.docx,ok,
250,【實用】10個你還不知道的王國之淚小知識《薩爾達傳說 : 王國之淚》,1AQUW7iqUfeRJo_2HzqxOmV_Fn0N4b2xD4SiqUHixo1o,2023-07-09T07:28:57.300Z,https://docs.google.com/document/d/1AQUW7iqUfeRJo_2HzqxOmV_Fn0N4b2xD4SiqUHixo1o/edit?usp=drivesdk,0250 - 【實用】10個你還不知道的王國之淚小知識《薩爾達傳說 _ 王國之淚》.docx,ok,
251,【素材刷新機制】血月重生?時間重生?全素材刷新機制解析《薩爾達傳說 : 王國之淚》,1r2Y7jMZHIJA4mQqzVnn2NW1q8-UhFWE4CccKZu1ps-0,2023-07-03T12:16:44.308Z,https://docs.google.com/document/d/1r2Y7jMZHIJA4mQqzVnn2NW1q8-UhFWE4CccKZu1ps-0/edit?usp=drivesdk,0251 - 【素材刷新機制】血月重生_時間重生_全素材刷新機制解析《薩爾達傳說 _ 王國之淚》.docx,ok,
252,【機制詳解】星星碎片的出現機制與大量取得方法《薩爾達傳說 : 王國之淚》前言,1oZAUseMW3RMVwv3POp8DFl43UVGcKm3RLUVZaqFE03M,2023-06-28T08:39:33.728Z,https://docs.google.com/document/d/1oZAUseMW3RMVwv3POp8DFl43UVGcKm3RLUVZaqFE03M/edit?usp=drivesdk,0252 - 【機制詳解】星星碎片的出現機制與大量取得方法《薩爾達傳說 _ 王國之淚》前言.docx,ok,
253,【我驚呆了】又10 個王國之淚中的精彩細節與彩蛋,12U_ZlCKSLPlgCc7Bv-ePR2zxvhiu9TUzHzasLBmHwqg,2023-06-25T04:30:58.466Z,https://docs.google.com/document/d/12U_ZlCKSLPlgCc7Bv-ePR2zxvhiu9TUzHzasLBmHwqg/edit?usp=drivesdk,0253 - 【我驚呆了】又10 個王國之淚中的精彩細節與彩蛋.docx,ok,
254,【驚人細節】岩石巨人的5個打法技巧💀 | 薩爾達傳說 : 王國之淚,1fMp7VvZ0mLchrvHLk6bRjB20lSkSrRNAizc_lA6OnVs,2023-06-24T13:05:19.274Z,https://docs.google.com/document/d/1fMp7VvZ0mLchrvHLk6bRjB20lSkSrRNAizc_lA6OnVs/edit?usp=drivesdk,0254 - 【驚人細節】岩石巨人的5個打法技巧💀 _ 薩爾達傳說 _ 王國之淚.docx,ok,
255,【TOP5】十分鐘內最有效率的五種賺錢方法,1ZwczDGAPAEO3rhjDmlmfppbCA2uU5COfdKbUfIGQPQY,2023-06-21T13:42:59.729Z,https://docs.google.com/document/d/1ZwczDGAPAEO3rhjDmlmfppbCA2uU5COfdKbUfIGQPQY/edit?usp=drivesdk,0255 - 【TOP5】十分鐘內最有效率的五種賺錢方法.docx,ok,
256,【詳細攻略】如何解開雷鳴之島的暴風雨?,1etZritNXjEXXyoWbAU_E-rCm8oNTZ0t3FnNTBIKX1EA,2023-06-17T14:22:30.080Z,https://docs.google.com/document/d/1etZritNXjEXXyoWbAU_E-rCm8oNTZ0t3FnNTBIKX1EA/edit?usp=drivesdk,0256 - 【詳細攻略】如何解開雷鳴之島的暴風雨_.docx,ok,
257,【超實用】隨身必備的5個神級料理,10I8srU2DKNZyl2vdKBTcfp7jXDBtXXCbVGUs_VD4pl8,2023-06-17T03:50:24.358Z,https://docs.google.com/document/d/10I8srU2DKNZyl2vdKBTcfp7jXDBtXXCbVGUs_VD4pl8/edit?usp=drivesdk,0257 - 【超實用】隨身必備的5個神級料理.docx,ok,
258,【TOP5】全152座神廟中最難的5座神廟,100aV8sZTdRlaaerWcbzTpitt6Lr-UIT-kZa4Y87cx-Y,2023-06-16T01:43:20.491Z,https://docs.google.com/document/d/100aV8sZTdRlaaerWcbzTpitt6Lr-UIT-kZa4Y87cx-Y/edit?usp=drivesdk,0258 - 【TOP5】全152座神廟中最難的5座神廟.docx,ok,
259,【簡單有趣】西諾克斯的五個戰鬥技巧,1wO-aHl_lUvORyrFyr5xV4v9ObtjV6XtUjYyFHM7yxvk,2023-06-15T02:13:41.700Z,https://docs.google.com/document/d/1wO-aHl_lUvORyrFyr5xV4v9ObtjV6XtUjYyFHM7yxvk/edit?usp=drivesdk,0259 - 【簡單有趣】西諾克斯的五個戰鬥技巧.docx,ok,
260,強制血月刷新,1P7V3CtdIi-VqMVLXgYhgFXIYThXeR1DGOKfdpkDEtmU,2023-06-12T13:08:29.858Z,https://docs.google.com/document/d/1P7V3CtdIi-VqMVLXgYhgFXIYThXeR1DGOKfdpkDEtmU/edit?usp=drivesdk,0260 - 強制血月刷新.docx,ok,
261,【高效率】左納尼烏姆💎礦石刷法&固定點位,1fHxDtM9K7HFFOCL4gfcnlR5DmHZfqYJaI8t-0xGrhXY,2023-06-07T04:14:09.811Z,https://docs.google.com/document/d/1fHxDtM9K7HFFOCL4gfcnlR5DmHZfqYJaI8t-0xGrhXY/edit?usp=drivesdk,0261 - 【高效率】左納尼烏姆💎礦石刷法&固定點位.docx,ok,
262,【深度解析】10 個王國之淚中的細節與彩蛋,1_XMJirtaWWsFgkZl0VxBTlk4mz1XRr0J5kaJ4xANt7E,2023-06-02T00:07:54.627Z,https://docs.google.com/document/d/1_XMJirtaWWsFgkZl0VxBTlk4mz1XRr0J5kaJ4xANt7E/edit?usp=drivesdk,0262 - 【深度解析】10 個王國之淚中的細節與彩蛋.docx,ok,
263,【最強武器】全系列武器固定刷點前言,1MSD6YrU5l5HlrEyOX02zePXbX0Isbkuexz5RY5UIcjs,2023-05-29T12:40:14.260Z,https://docs.google.com/document/d/1MSD6YrU5l5HlrEyOX02zePXbX0Isbkuexz5RY5UIcjs/edit?usp=drivesdk,0263 - 【最強武器】全系列武器固定刷點前言.docx,ok,
264,【輕鬆簡單】零技術擊殺三頭龍的三種方法,1X8EM231-ji2nze2cEfvn4WLtQYfSHy78oA12QBbB-MQ,2023-05-28T02:30:32.850Z,https://docs.google.com/document/d/1X8EM231-ji2nze2cEfvn4WLtQYfSHy78oA12QBbB-MQ/edit?usp=drivesdk,0264 - 【輕鬆簡單】零技術擊殺三頭龍的三種方法.docx,ok,
265,【超詳細】雷之神殿完全攻略 | 五道鎖位置,1pCj8qhDh0OAB7n_3t1eKs8Q4xCCRKFYDn5lCvAOOmng,2023-05-27T15:51:24.544Z,https://docs.google.com/document/d/1pCj8qhDh0OAB7n_3t1eKs8Q4xCCRKFYDn5lCvAOOmng/edit?usp=drivesdk,0265 - 【超詳細】雷之神殿完全攻略 _ 五道鎖位置.docx,ok,
266,【神廟攻略】吉烏可烏每神廟解法攻略 | 鑲嵌之形,1jozohgRtye_iII2bLHpxYb47lgbqFsoIp-6DPz5Qnc4,2023-05-27T06:08:56.764Z,https://docs.google.com/document/d/1jozohgRtye_iII2bLHpxYb47lgbqFsoIp-6DPz5Qnc4/edit?usp=drivesdk,0266 - 【神廟攻略】吉烏可烏每神廟解法攻略 _ 鑲嵌之形.docx,ok,
267,【開荒必備】最實用的天空和地面載具,1XV3OXZc42fev2DTwP0wQXYZfJMH886UakLaGpg69Pqc,2023-05-26T03:11:23.741Z,https://docs.google.com/document/d/1XV3OXZc42fev2DTwP0wQXYZfJMH886UakLaGpg69Pqc/edit?usp=drivesdk,0267 - 【開荒必備】最實用的天空和地面載具.docx,ok,
268,【超詳細】水之神殿完全攻略 | 四道鎖位置,1FkrXRcIZmL-67baueRclYvYpiwuE8yF48ykSyTqELps,2023-05-24T21:53:02.476Z,https://docs.google.com/document/d/1FkrXRcIZmL-67baueRclYvYpiwuE8yF48ykSyTqELps/edit?usp=drivesdk,0268 - 【超詳細】水之神殿完全攻略 _ 四道鎖位置.docx,ok,
269,【隱藏密技教學】一跳跳到空島,1DdEI7QHLQHG4yRq0riz4IBu5tiKw931Chh3AIxWSygk,2023-05-23T12:32:47.976Z,https://docs.google.com/document/d/1DdEI7QHLQHG4yRq0riz4IBu5tiKw931Chh3AIxWSygk/edit?usp=drivesdk,0269 - 【隱藏密技教學】一跳跳到空島.docx,ok,
270,【超實用】曠野勇者 | 薩爾達傳說 : 王國,11jbjenohjq7CHKVDqHTb7T5hpu3Aiut5zNAwVmI_WKU,2023-05-22T08:56:33.215Z,https://docs.google.com/document/d/11jbjenohjq7CHKVDqHTb7T5hpu3Aiut5zNAwVmI_WKU/edit?usp=drivesdk,0270 - 【超實用】曠野勇者 _ 薩爾達傳說 _ 王國.docx,ok,
271,【BUG】T | 薩爾達傳說 : 王國,1LpYo-l4ujvR1Xu8MFuhm1fBSr4llFP61yRWg52xhvCo,2023-05-22T08:35:52.373Z,https://docs.google.com/document/d/1LpYo-l4ujvR1Xu8MFuhm1fBSr4llFP61yRWg52xhvCo/edit?usp=drivesdk,0271 - 【BUG】T _ 薩爾達傳說 _ 王國.docx,ok,
272,【超實用】TOP5 最好用的盾牌餘料建造 | 薩爾達傳說 : 王國,1eHkk5DHt7xAavFJMzoCy-Z8AoQqsvfXtsmp4jeobNps,2023-05-21T08:14:26.380Z,https://docs.google.com/document/d/1eHkk5DHt7xAavFJMzoCy-Z8AoQqsvfXtsmp4jeobNps/edit?usp=drivesdk,0272 - 【超實用】TOP5 最好用的盾牌餘料建造 _ 薩爾達傳說 _ 王國.docx,ok,
273,【最簡步驟教學】複製BUG | 無限海利亞盾無限大劍 | 薩爾達傳說 : 王國之淚,1W-GVYv9Kdq6bAWc3a6B_hkWIOxUbBNvP9o8AM1FpwsQ,2023-05-21T08:03:59.763Z,https://docs.google.com/document/d/1W-GVYv9Kdq6bAWc3a6B_hkWIOxUbBNvP9o8AM1FpwsQ/edit?usp=drivesdk,0273 - 【最簡步驟教學】複製BUG _ 無限海利亞盾無限大劍 _ 薩爾達傳說 _ 王國之淚.docx,ok,
274,弓箭餘料建造,1G5Erxuiksq1MPogpL1ApyPM6UzK-UuLemY9VMwZYjr8,2023-05-20T06:15:15.307Z,https://docs.google.com/document/d/1G5Erxuiksq1MPogpL1ApyPM6UzK-UuLemY9VMwZYjr8/edit?usp=drivesdk,0274 - 弓箭餘料建造.docx,ok,
275,【一刀874】全遊戲最高傷害，三秒擊殺白銀人馬  | 薩爾達傳說 : 王國之淚,1QrzgjqAmYX2K3_vShaV5e41kXBT4EYx0GVHn9q5wTVc,2023-05-19T06:52:51.772Z,https://docs.google.com/document/d/1QrzgjqAmYX2K3_vShaV5e41kXBT4EYx0GVHn9q5wTVc/edit?usp=drivesdk,0275 - 【一刀874】全遊戲最高傷害，三秒擊殺白銀人馬 _ 薩爾達傳說 _ 王國之淚.docx,ok,
276,複製大法 Ver1.1.0也可以用的bug,10JyhfBInrpE2I6DTzlxRALY2axphwNKoljbqZDFbl8g,2023-05-16T12:23:27.303Z,https://docs.google.com/document/d/10JyhfBInrpE2I6DTzlxRALY2axphwNKoljbqZDFbl8g/edit?usp=drivesdk,0276 - 複製大法 Ver1.1.0也可以用的bug.docx,ok,
277,進入地底前必需知道的10個小知識,1_ZtslOGyXwhuW0sHpPwTehGRuWpDWyoPYAKgao9fWJ4,2023-05-15T13:53:17.179Z,https://docs.google.com/document/d/1_ZtslOGyXwhuW0sHpPwTehGRuWpDWyoPYAKgao9fWJ4/edit?usp=drivesdk,0277 - 進入地底前必需知道的10個小知識.docx,ok,
278,【一分鐘一顆紅寶石】前期最速賺錢法! 簡單無操作 ,157nTVp5d1ZXJpAdDFMDAneIc8pfb1b_Rf6P-rRjg-VE,2023-05-14T18:14:42.682Z,https://docs.google.com/document/d/157nTVp5d1ZXJpAdDFMDAneIc8pfb1b_Rf6P-rRjg-VE/edit?usp=drivesdk,0278 - 【一分鐘一顆紅寶石】前期最速賺錢法! 簡單無操作.docx,ok,
279,【超詳細】全地圖解鎖! 15座鳥望台開塔完全攻略,1Lvag30A-1-lczOC0kKcVBDR-6Sjra-6UuL3WjQT4k1c,2023-05-14T17:11:10.395Z,https://docs.google.com/document/d/1Lvag30A-1-lczOC0kKcVBDR-6Sjra-6UuL3WjQT4k1c/edit?usp=drivesdk,0279 - 【超詳細】全地圖解鎖! 15座鳥望台開塔完全攻略.docx,ok,
280,【超詳細】火之神殿完全攻略 | 五鑰匙位置 | 寶箱位置,1RX37oV-EzELdC_fFj_EZe4uRpX896O77OnTCVkXmMqw,2023-05-13T10:34:06.805Z,https://docs.google.com/document/d/1RX37oV-EzELdC_fFj_EZe4uRpX896O77OnTCVkXmMqw/edit?usp=drivesdk,0280 - 【超詳細】火之神殿完全攻略 _ 五鑰匙位置 _ 寶箱位置.docx,ok,
281,【神廟攻略】姆薩諾奇拉神廟解法攻略 | 搖搖晃晃 | 薩爾達傳說:王國之淚,1V-77uzxju4TeJ7HrfJzcUrIrS0E-UnRfC09l9ZrMnC4,2023-05-12T22:46:35.831Z,https://docs.google.com/document/d/1V-77uzxju4TeJ7HrfJzcUrIrS0E-UnRfC09l9ZrMnC4/edit?usp=drivesdk,0281 - 【神廟攻略】姆薩諾奇拉神廟解法攻略 _ 搖搖晃晃 _ 薩爾達傳說_王國之淚.docx,ok,
282,【最強武器】必拿! 大師之劍獲取方式 | 幻影加儂打法 ,1hdkMeEiiOM6LnqxNQBHjxsXOuo-B6jwBujfUfylObyw,2023-05-12T22:33:46.062Z,https://docs.google.com/document/d/1hdkMeEiiOM6LnqxNQBHjxsXOuo-B6jwBujfUfylObyw/edit?usp=drivesdk,0282 - 【最強武器】必拿! 大師之劍獲取方式 _ 幻影加儂打法.docx,ok,
283,【最強防具】鬼神套裝取得位置 | 四道鎖位置,1TWQmQkbcGbKsm63uB1VWST3QsbFkC0cQ02cAw2YBI2A,2023-05-12T15:48:12.557Z,https://docs.google.com/document/d/1TWQmQkbcGbKsm63uB1VWST3QsbFkC0cQ02cAw2YBI2A/edit?usp=drivesdk,0283 - 【最強防具】鬼神套裝取得位置 _ 四道鎖位置.docx,ok,
284,【超詳細】風之神殿完全攻略 | 五鑰匙位置 | 寶箱位置,1IGCUFnX6PMntzCCiVTbP3aWbQyrNRmKrmqtXpy27LlA,2023-05-10T09:48:52.540Z,https://docs.google.com/document/d/1IGCUFnX6PMntzCCiVTbP3aWbQyrNRmKrmqtXpy27LlA/edit?usp=drivesdk,0284 - 【超詳細】風之神殿完全攻略 _ 五鑰匙位置 _ 寶箱位置.docx,ok,
285,【超詳細】風之神殿BOSS打法攻略,1AHaRp_IuBzrKkSxmjiFHGPo9XmshRNhkiEv01YoHm5k,2023-05-10T09:48:02.867Z,https://docs.google.com/document/d/1AHaRp_IuBzrKkSxmjiFHGPo9XmshRNhkiEv01YoHm5k/edit?usp=drivesdk,0285 - 【超詳細】風之神殿BOSS打法攻略.docx,ok,
286,【必需知道】你應該回去初始空島的五大原因 | 防寒服 | 克洛格 | 寶箱,1KYj-lNIARggmSdWJrZUoHsdyQ60apkR9NdBDP7mLTDQ,2023-05-09T04:26:28.695Z,https://docs.google.com/document/d/1KYj-lNIARggmSdWJrZUoHsdyQ60apkR9NdBDP7mLTDQ/edit?usp=drivesdk,0286 - 【必需知道】你應該回去初始空島的五大原因 _ 防寒服 _ 克洛格 _ 寶箱.docx,ok,
287,歐羅奇烏姆神廟,1bkVJywghiMbPJPg6Wt-JOl-Dd1iwC3i_xwIafVvpEKQ,2023-05-09T03:36:20.618Z,https://docs.google.com/document/d/1bkVJywghiMbPJPg6Wt-JOl-Dd1iwC3i_xwIafVvpEKQ/edit?usp=drivesdk,0287 - 歐羅奇烏姆神廟.docx,ok,
288,【新手必看】新手開荒的十個小技巧,1WFgrgczycdymnH_lOljCqi4d8qzqxejXOJrOPAPoVDc,2023-05-09T03:33:29.829Z,https://docs.google.com/document/d/1WFgrgczycdymnH_lOljCqi4d8qzqxejXOJrOPAPoVDc/edit?usp=drivesdk,0288 - 【新手必看】新手開荒的十個小技巧.docx,ok,
289,【必須知道】你應該早點離開初始空島的三件原因,1PIX3kDLWXt-VYWgMLtWv7A-r68EyAY49WorpeO5PF4k,2023-05-08T16:45:35.525Z,https://docs.google.com/document/d/1PIX3kDLWXt-VYWgMLtWv7A-r68EyAY49WorpeO5PF4k/edit?usp=drivesdk,0289 - 【必須知道】你應該早點離開初始空島的三件原因.docx,ok,
290,【必備料理】前期簡單實用的五種料理,1Zd_jBqGT9vYel9E8xSCcAgdBkY8bHtfBd4q2mpkmLOg,2023-05-07T15:31:07.738Z,https://docs.google.com/document/d/1Zd_jBqGT9vYel9E8xSCcAgdBkY8bHtfBd4q2mpkmLOg/edit?usp=drivesdk,0290 - 【必備料理】前期簡單實用的五種料理.docx,ok,
291,【新手必看】新手必須會的十個操作技巧,1QtXEAVFm9bpM6sQOPn3mNgLPQBc5eUee8tsDQ76jcC4,2023-05-07T05:42:53.681Z,https://docs.google.com/document/d/1QtXEAVFm9bpM6sQOPn3mNgLPQBc5eUee8tsDQ76jcC4/edit?usp=drivesdk,0291 - 【新手必看】新手必須會的十個操作技巧.docx,ok,
292,四大神廟攻略,1dtL1UT8SUc5aqGsds8qiLHLTHdvsTMnfSttSw5fg4GI,2023-05-06T16:20:15.746Z,https://docs.google.com/document/d/1dtL1UT8SUc5aqGsds8qiLHLTHdvsTMnfSttSw5fg4GI/edit?usp=drivesdk,0292 - 四大神廟攻略.docx,ok,
293,馬亞奇諾烏神廟,13NCnN87zsaxSmn4d2IA6XIYKd_wi4B7xCgooCZGRl6g,2023-05-06T15:33:33.528Z,https://docs.google.com/document/d/13NCnN87zsaxSmn4d2IA6XIYKd_wi4B7xCgooCZGRl6g/edit?usp=drivesdk,0293 - 馬亞奇諾烏神廟.docx,ok,
294,【薩爾達傳說王國之淚】新手島克洛洛果實全位置地點,1U0AURbkxeSJabMjRz8qvCWtvrz6oSuOaOJ9hMly1hjI,2023-05-03T08:58:04.339Z,https://docs.google.com/document/d/1U0AURbkxeSJabMjRz8qvCWtvrz6oSuOaOJ9hMly1hjI/edit?usp=drivesdk,0294 - 【薩爾達傳說王國之淚】新手島克洛洛果實全位置地點.docx,ok,
295,【前期必備】十個前期好用的餘料建造武器,1sk3nFxiKk8kxvYguh3wZIIxVX5SoVNyBp5kGoBaVKA8,2023-05-03T08:57:30.442Z,https://docs.google.com/document/d/1sk3nFxiKk8kxvYguh3wZIIxVX5SoVNyBp5kGoBaVKA8/edit?usp=drivesdk,0295 - 【前期必備】十個前期好用的餘料建造武器.docx,ok,
296,【薩爾達傳說王國之淚】新手島不能錯過的十個地方,1p90kZFiQgKxrbpWHXUqUKW2YdGP883UNofnuomTq4-I,2023-05-03T08:56:37.799Z,https://docs.google.com/document/d/1p90kZFiQgKxrbpWHXUqUKW2YdGP883UNofnuomTq4-I/edit?usp=drivesdk,0296 - 【薩爾達傳說王國之淚】新手島不能錯過的十個地方.docx,ok,
297,歷戰,1bymIXsgfHjfCVCTsyGmQfNcTn_WWAy-MbVZ7CF6E0nU,2023-03-05T12:09:11.167Z,https://docs.google.com/document/d/1bymIXsgfHjfCVCTsyGmQfNcTn_WWAy-MbVZ7CF6E0nU/edit?usp=drivesdk,0297 - 歷戰.docx,ok,
298,獵人魔物,19pZgNeEJHkuIoHs4FGSKjl0ltBtbyur33CRM0HlP_2E,2023-03-03T12:48:02.386Z,https://docs.google.com/document/d/19pZgNeEJHkuIoHs4FGSKjl0ltBtbyur33CRM0HlP_2E/edit?usp=drivesdk,0298 - 獵人魔物.docx,ok,
299,劍,1-T3krDIZoSUkP-aIOPAqZChZbfLDTdMi7HN3VG5bAUE,2023-03-03T09:17:49.424Z,https://docs.google.com/document/d/1-T3krDIZoSUkP-aIOPAqZChZbfLDTdMi7HN3VG5bAUE/edit?usp=drivesdk,0299 - 劍.docx,ok,
300,經驗100,1Th4bXeq-Kg3CZGTd9RqCx5OCUO_agRv05ijNQU1wvho,2023-03-02T11:50:14.062Z,https://docs.google.com/document/d/1Th4bXeq-Kg3CZGTd9RqCx5OCUO_agRv05ijNQU1wvho/edit?usp=drivesdk,0300 - 經驗100.docx,ok,
301,前言,1OlZX1uoAJ1-ZGhxL92UxEfHxy0A_oSEGU8PkjOG7M1E,2023-02-28T11:46:54.502Z,https://docs.google.com/document/d/1OlZX1uoAJ1-ZGhxL92UxEfHxy0A_oSEGU8PkjOG7M1E/edit?usp=drivesdk,0301 - 前言.docx,ok,
302,後期刷錢,1Ukl53W6Fc0u81UaqSwoxJ_N6cU9FkuCkvNLB69EfxjU,2023-02-27T15:56:15.792Z,https://docs.google.com/document/d/1Ukl53W6Fc0u81UaqSwoxJ_N6cU9FkuCkvNLB69EfxjU/edit?usp=drivesdk,0302 - 後期刷錢.docx,ok,
303,武器大師,1luUESuazaie8gIdpPMPh-93gGYvGeM00RTwa3Lre8cA,2023-02-27T07:58:40.588Z,https://docs.google.com/document/d/1luUESuazaie8gIdpPMPh-93gGYvGeM00RTwa3Lre8cA/edit?usp=drivesdk,0303 - 武器大師.docx,ok,
304,練等,1MC5aJUMZB4umyR_Qvd1HyIL6wEb_anymeqpRJ_Ab4zE,2023-02-26T13:17:53.801Z,https://docs.google.com/document/d/1MC5aJUMZB4umyR_Qvd1HyIL6wEb_anymeqpRJ_Ab4zE/edit?usp=drivesdk,0304 - 練等.docx,ok,
305,前期賺錢,1MhqWwLOwkyyHJsZ65ClPHn0_MvkpnPrUq3nZ3M7AAxo,2023-02-24T20:27:28.307Z,https://docs.google.com/document/d/1MhqWwLOwkyyHJsZ65ClPHn0_MvkpnPrUq3nZ3M7AAxo/edit?usp=drivesdk,0305 - 前期賺錢.docx,ok,
306,稀有貓,1RcbHtYLqPIAzt4gBFCmcMHCYS_p0xq36blhoOA_NOH8,2023-02-23T09:33:47.724Z,https://docs.google.com/document/d/1RcbHtYLqPIAzt4gBFCmcMHCYS_p0xq36blhoOA_NOH8/edit?usp=drivesdk,0306 - 稀有貓.docx,ok,
307,獵人光兵,1I-Qmo6ewRllFtHRgmUXTUaLOpOP2hPCY8rvu9yGiYAc,2023-02-22T09:54:28.775Z,https://docs.google.com/document/d/1I-Qmo6ewRllFtHRgmUXTUaLOpOP2hPCY8rvu9yGiYAc/edit?usp=drivesdk,0307 - 獵人光兵.docx,ok,
308,歧路旅人2,1AnWbmGegFkOGjHeZye21lJIIiCfUdeV6au6KyuWeApY,2023-02-20T20:04:00.443Z,https://docs.google.com/document/d/1AnWbmGegFkOGjHeZye21lJIIiCfUdeV6au6KyuWeApY/edit?usp=drivesdk,0308 - 歧路旅人2.docx,ok,
309,彩蛋,12HpD2RLpOt1emccLoh2fUNz8SKaBkaQlSFvwjKCFA9g,2023-02-16T11:58:05.943Z,https://docs.google.com/document/d/12HpD2RLpOt1emccLoh2fUNz8SKaBkaQlSFvwjKCFA9g/edit?usp=drivesdk,0309 - 彩蛋.docx,ok,
310,細節,1Vx5gYT5kSmcR7gvzKjXEgzC6A1HovvqekFzEdYpwYLw,2023-02-14T13:22:17.544Z,https://docs.google.com/document/d/1Vx5gYT5kSmcR7gvzKjXEgzC6A1HovvqekFzEdYpwYLw/edit?usp=drivesdk,0310 - 細節.docx,ok,
